chave,lat,lon,metodo,extra
BRASILAPI 48280000,,,BrasilAPI,"Mata de São João,BA"
BRASILAPI 04534010,,,BrasilAPI,"São Paulo,SP"
BRASILAPI 43700000,,,BrasilAPI,"Simões Filho,BA"
BRASILAPI 34007378,,,BrasilAPI,"Nova Lima,MG"
BRASILAPI 57300000,,,BrasilAPI_None,
BRASILAPI 14708210,,,BrasilAPI,"Bebedouro,SP"
BRASILAPI 42840692,,,BrasilAPI,"Camaçari,BA"
BRASILAPI 89240000,,,BrasilAPI,"São Francisco do Sul,SC"
BRASILAPI 84261020,,,BrasilAPI,"Telêmaco Borba,PR"
BRASILAPI 41745005,,,BrasilAPI,"Salvador,BA"
BRASILAPI 41230180,,,BrasilAPI,"Salvador,BA"
BRASILAPI 53130515,,,BrasilAPI,"Olinda,PE"
BRASILAPI 65800000,,,BrasilAPI,"Balsas,MA"
BRASILAPI 41810215,,,BrasilAPI,"Salvador,BA"
BRASILAPI 53260640,,,BrasilAPI,"Olinda,PE"
BRASILAPI 78770000,,,BrasilAPI,"Alto Garças,MT"
BRASILAPI 68580000,,,BrasilAPI,"Itupiranga,PA"
BRASILAPI 44073540,,,BrasilAPI,"Feira de Santana,BA"
BRASILAPI 44085370,,,BrasilAPI,"Feira de Santana,BA"
BRASILAPI 25255030,,,BrasilAPI,"Duque de Caxias,RJ"
BRASILAPI 07124000,,,BrasilAPI,"Guarulhos,SP"
BRASILAPI 77700000,,,BrasilAPI,"Guaraí,TO"
BRASILAPI 78652000,,,BrasilAPI,"Confresa,MT"
BRASILAPI 65200000,,,BrasilAPI,"Pinheiro,MA"
BRASILAPI 65300000,,,BrasilAPI_None,
BRASILAPI 66077000,,,BrasilAPI,"Belém,PA"
BRASILAPI 66077530,,,BrasilAPI_None,
BRASILAPI 65950000,,,BrasilAPI,"Barra do Corda,MA"
BRASILAPI 65300001,,,BrasilAPI,"Santa Inês,MA"
BRASILAPI 65306320,,,BrasilAPI,"Santa Inês,MA"
BRASILAPI 62504142,,,BrasilAPI,"Itapipoca,CE"
BRASILAPI 48909725,,,BrasilAPI,"Juazeiro,BA"
BRASILAPI 45986330,,,BrasilAPI,"Teixeira de Freitas,BA"
BRASILAPI 49085100,,,BrasilAPI,"Aracaju,SE"
BRASILAPI 64601382,,,BrasilAPI,"Picos,PI"
BRASILAPI 49030270,,,BrasilAPI,"Aracaju,SE"
BRASILAPI 65095602,,,BrasilAPI,"São Luís,MA"
BRASILAPI 79080761,,,BrasilAPI,"Campo Grande,MS"
BRASILAPI 78065270,,,BrasilAPI,"Cuiabá,MT"
BRASILAPI 68742740,,,BrasilAPI,"Castanhal,PA"
BRASILAPI 44180000,,,BrasilAPI,"Antônio Cardoso,BA"
BRASILAPI 65917033,,,BrasilAPI,"Imperatriz,MA"
BRASILAPI 78735327,,,BrasilAPI,"Rondonópolis,MT"
BRASILAPI 26435210,,,BrasilAPI,"Japeri,RJ"
BRASILAPI 88220000,,,BrasilAPI,"Itapema,SC"
BRASILAPI 67113330,,,BrasilAPI,"Ananindeua,PA"
BRASILAPI 49026010,,,BrasilAPI,"Aracaju,SE"
BRASILAPI 30330000,,,BrasilAPI,"Belo Horizonte,MG"
BRASILAPI 29045403,,,BrasilAPI,"Vitória,ES"
BRASILAPI 35409001,,,BrasilAPI,"Ouro Preto,MG"
BRASILAPI 29375000,,,BrasilAPI,"Venda Nova do Imigrante,ES"
BRASILAPI 11660330,,,BrasilAPI,"Caraguatatuba,SP"
BRASILAPI 65076820,,,BrasilAPI,"São Luís,MA"
BRASILAPI 07700210,,,BrasilAPI,"Caieiras,SP"
BRASILAPI 56312385,,,BrasilAPI,"Petrolina,PE"
BRASILAPI 65606060,,,BrasilAPI,"Caxias,MA"
BRASILAPI 59295444,,,BrasilAPI,"São Gonçalo do Amarante,RN"
BRASILAPI 42717000,,,BrasilAPI,"Lauro de Freitas,BA"
BRASILAPI 57071180,,,BrasilAPI,"Maceió,AL"
BRASILAPI 65065470,,,BrasilAPI,"São Luís,MA"
BRASILAPI 18013000,,,BrasilAPI,"Sorocaba,SP"
BRASILAPI 29161414,,,BrasilAPI,"Serra,ES"
BRASILAPI 78525000,,,BrasilAPI,"Matupá,MT"
BRASILAPI 35681127,,,BrasilAPI,"Itaúna,MG"
BRASILAPI 65470000,,,BrasilAPI,"São Mateus do Maranhão,MA"
BRASILAPI 03527900,,,BrasilAPI,"São Paulo,SP"
BRASILAPI 53520785,,,BrasilAPI,"Abreu e Lima,PE"
BRASILAPI 55195500,,,BrasilAPI,"Santa Cruz do Capibaribe,PE"
BRASILAPI 75123370,,,BrasilAPI,"Anápolis,GO"
BRASILAPI 65090272,,,BrasilAPI,"São Luís,MA"
BRASILAPI 61946215,,,BrasilAPI,"Maranguape,CE"
BRASILAPI 57032901,,,BrasilAPI,"Maceió,AL"
BRASILAPI 57037901,,,BrasilAPI,"Maceió,AL"
BRASILAPI 09520110,,,BrasilAPI,"São Caetano do Sul,SP"
BRASILAPI 88301300,,,BrasilAPI,"Itajaí,SC"
BRASILAPI 78115146,,,BrasilAPI_None,
BRASILAPI 65073212,,,BrasilAPI,"São Luís,MA"
BRASILAPI 04795915,,,BrasilAPI,"São Paulo,SP"
BRASILAPI 45820095,,,BrasilAPI,"Eunápolis,BA"
BRASILAPI 44007775,,,BrasilAPI,"Feira de Santana,BA"
BRASILAPI 63040005,,,BrasilAPI,"Juazeiro do Norte,CE"
BRASILAPI 65130000,,,BrasilAPI,"Paço do Lumiar,MA"
BRASILAPI 54759000,,,BrasilAPI,"Camaragibe,PE"
BRASILAPI 57061110,,,BrasilAPI,"Maceió,AL"
BRASILAPI 54325440,,,BrasilAPI,"Jaboatão dos Guararapes,PE"
BRASILAPI 68660000,,,BrasilAPI,"São Miguel do Guamá,PA"
BRASILAPI 56318525,,,BrasilAPI,"Petrolina,PE"
BRASILAPI 49095650,,,BrasilAPI,"Aracaju,SE"
BRASILAPI 88308004,,,BrasilAPI,"Itajaí,SC"
BRASILAPI 41720200,,,BrasilAPI,"Salvador,BA"
BRASILAPI 88340000,,,BrasilAPI_None,
BRASILAPI 78158207,,,BrasilAPI,"Várzea Grande,MT"
BRASILAPI 78110000,,,BrasilAPI,"Várzea Grande,MT"
BRASILAPI 57480000,,,BrasilAPI,"Delmiro Gouveia,AL"
BRASILAPI 88330116,,,BrasilAPI,"Balneário Camboriú,SC"
BRASILAPI 75131500,,,BrasilAPI,"Anápolis,GO"
BRASILAPI 45651135,,,BrasilAPI,"Ilhéus,BA"
BRASILAPI 45055090,,,BrasilAPI,"Vitória da Conquista,BA"
BRASILAPI 45028100,,,BrasilAPI,"Vitória da Conquista,BA"
BRASILAPI 58200000,,,BrasilAPI,"Guarabira,PB"
BRASILAPI 38701044,,,BrasilAPI,"Patos de Minas,MG"
BRASILAPI 37410117,,,BrasilAPI,"Três Corações,MG"
BRASILAPI 13503183,,,BrasilAPI,"Rio Claro,SP"
BRASILAPI 34018006,,,BrasilAPI,"Nova Lima,MG"
BRASILAPI 78740138,,,BrasilAPI,"Rondonópolis,MT"
BRASILAPI 07115000,,,BrasilAPI,"Guarulhos,SP"
BRASILAPI 68625140,,,BrasilAPI,"Paragominas,PA"
BRASILAPI 45655650,,,BrasilAPI,"Ilhéus,BA"
BRASILAPI 42827000,,,BrasilAPI_None,
BRASILAPI 53416710,,,BrasilAPI,"Paulista,PE"
BRASILAPI 15520000,,,BrasilAPI,"Valentim Gentil,SP"
BRASILAPI 88132010,,,BrasilAPI,"Palhoça,SC"
BRASILAPI 88390000,,,BrasilAPI,"Barra Velha,SC"
BRASILAPI 46190810,,,BrasilAPI_None,
BRASILAPI 38722971,,,BrasilAPI,"Lagoa Formosa,MG"
BRASILAPI 76550000,,,BrasilAPI,"Porangatu,GO"
BRASILAPI 72225512,,,BrasilAPI,"Brasília,DF"
BRASILAPI 48282970,,,BrasilAPI_None,
BRASILAPI 57200000,,,BrasilAPI,"Penedo,AL"
BRASILAPI 70673621,,,BrasilAPI,"Brasília,DF"
BRASILAPI 68552010,,,BrasilAPI,"Redenção,PA"
BRASILAPI 42841000,,,BrasilAPI_None,
BRASILAPI 42821658,,,BrasilAPI,"Camaçari,BA"
BRASILAPI 66825010,,,BrasilAPI,"Belém,PA"
BRASILAPI 41280117,,,BrasilAPI,"Salvador,BA"
BRASILAPI 22775090,,,BrasilAPI,"Rio de Janeiro,RJ"
BRASILAPI 41195001,,,BrasilAPI,"Salvador,BA"
BRASILAPI 28110000,,,BrasilAPI,"Campos dos Goytacazes,RJ"
BRASILAPI 13178535,,,BrasilAPI,"Sumaré,SP"
BRASILAPI 58088200,,,BrasilAPI,"João Pessoa,PB"
BRASILAPI 23092001,,,BrasilAPI,"Rio de Janeiro,RJ"
BRASILAPI 08260000,,,BrasilAPI,"São Paulo,SP"
BRASILAPI 14176855,,,BrasilAPI,"Sertãozinho,SP"
BRASILAPI 48924999,,,BrasilAPI_None,
BRASILAPI 04788000,,,BrasilAPI,"São Paulo,SP"
BRASILAPI 78055125,,,BrasilAPI,"Cuiabá,MT"
BRASILAPI 40301500,,,BrasilAPI,"Salvador,BA"
BRASILAPI 68445000,,,BrasilAPI,"Barcarena,PA"
BRASILAPI 72870001,,,BrasilAPI,"Valparaíso de Goiás,GO"
BRASILAPI 38446306,,,BrasilAPI,"Araguari,MG"
BRASILAPI 06029900,,,BrasilAPI,"Osasco,SP"
BRASILAPI 78750340,,,BrasilAPI,"Rondonópolis,MT"
BRASILAPI 44550000,,,BrasilAPI,"São Felipe,BA"
BRASILAPI 48110000,,,BrasilAPI,"Catu,BA"
BRASILAPI 25955000,,,BrasilAPI,"Teresópolis,RJ"
BRASILAPI 65716000,,,BrasilAPI,"Paulo Ramos,MA"
BRASILAPI 35550000,,,BrasilAPI,"Itapecerica,MG"
BRASILAPI 44380000,,,BrasilAPI,"Cruz das Almas,BA"
BRASILAPI 48370000,,,BrasilAPI,"Esplanada,BA"
BRASILAPI 05461000,,,BrasilAPI,"São Paulo,SP"
BRASILAPI 77001010,,,BrasilAPI,"Palmas,TO"
BRASILAPI 77021623,,,BrasilAPI,"Palmas,TO"
BRASILAPI 72304103,,,BrasilAPI,"Brasília,DF"
BRASILAPI 61760000,,,BrasilAPI,"Eusébio,CE"
BRASILAPI 76820862,,,BrasilAPI,"Porto Velho,RO"
BRASILAPI 44400000,,,BrasilAPI,"Nazaré,BA"
BRASILAPI 58108531,,,BrasilAPI,"Cabedelo,PB"
BRASILAPI 48500000,,,BrasilAPI,"Euclides da Cunha,BA"
BRASILAPI 41680111,,,BrasilAPI,"Salvador,BA"
BRASILAPI 14533013,,,BrasilAPI_None,
BRASILAPI 27524112,,,BrasilAPI,"Resende,RJ"
BRASILAPI 83005390,,,BrasilAPI,"São José dos Pinhais,PR"
BRASILAPI 13200180,,,BrasilAPI_None,
BRASILAPI 57081110,,,BrasilAPI,"Maceió,AL"
BRASILAPI 40295020,,,BrasilAPI,"Salvador,BA"
BRASILAPI 40295035,,,BrasilAPI,"Salvador,BA"
BRASILAPI 42735100,,,BrasilAPI,"Lauro de Freitas,BA"
BRASILAPI 11065100,,,BrasilAPI,"Santos,SP"
BRASILAPI 42833000,,,BrasilAPI,"Camaçari,BA"
BRASILAPI 60748386,,,BrasilAPI,"Fortaleza,CE"
BRASILAPI 62882070,,,BrasilAPI,"Horizonte,CE"
BRASILAPI 13487530,,,BrasilAPI,"Limeira,SP"
BRASILAPI 39560000,,,BrasilAPI,"Salinas,MG"
BRASILAPI 36270000,,,BrasilAPI,"Ressaquinha,MG"
BRASILAPI 69909788,,,BrasilAPI,"Rio Branco,AC"
BRASILAPI 69909640,,,BrasilAPI,"Rio Branco,AC"
BRASILAPI 42700000,,,BrasilAPI,"Lauro de Freitas,BA"
BRASILAPI 41297357,,,BrasilAPI,"Salvador,BA"
BRASILAPI 42801633,,,BrasilAPI,"Camaçari,BA"
BRASILAPI 43813300,,,BrasilAPI,"Candeias,BA"
BRASILAPI 55500000,,,BrasilAPI,"Escada,PE"
BRASILAPI 77600000,,,BrasilAPI,"Paraíso do Tocantins,TO"
BRASILAPI 54800000,,,BrasilAPI,"Moreno,PE"
BRASILAPI 56280000,,,BrasilAPI,"Araripina,PE"
BRASILAPI 13082901,,,BrasilAPI,"Campinas,SP"
BRASILAPI 45604811,,,BrasilAPI,"Itabuna,BA"
BRASILAPI 88050001,,,BrasilAPI,"Florianópolis,SC"
BRASILAPI 54325650,,,BrasilAPI,"Jaboatão dos Guararapes,PE"
BRASILAPI 65235000,,,BrasilAPI,"São Bento,MA"
BRASILAPI 26564200,,,BrasilAPI,"Mesquita,RJ"
BRASILAPI 94440000,,,BrasilAPI,"Viamão,RS"
BRASILAPI 49140000,,,BrasilAPI,"Barra dos Coqueiros,SE"
BRASILAPI 66645001,,,BrasilAPI,"Belém,PA"
BRASILAPI 44460000,,,BrasilAPI,"Itaparica,BA"
BRASILAPI 65975000,,,BrasilAPI,"Estreito,MA"
BRASILAPI 46430000,,,BrasilAPI,"Guanambi,BA"
BRASILAPI 35702372,,,BrasilAPI,"Sete Lagoas,MG"
BRASILAPI 36039080,,,BrasilAPI,"Juiz de Fora,MG"
BRASILAPI 57100000,,,BrasilAPI,"Rio Largo,AL"
BRASILAPI 54345165,,,BrasilAPI,"Jaboatão dos Guararapes,PE"
BRASILAPI 54345160,,,BrasilAPI,"Jaboatão dos Guararapes,PE"
BRASILAPI 55900000,,,BrasilAPI,"Goiana,PE"
BRASILAPI 55495000,,,BrasilAPI,"Agrestina,PE"
BRASILAPI 65690000,,,BrasilAPI,"Colinas,MA"
BRASILAPI 74675090,,,BrasilAPI,"Goiânia,GO"
BRASILAPI 74620430,,,BrasilAPI,"Goiânia,GO"
BRASILAPI 61635365,,,BrasilAPI,"Caucaia,CE"
BRASILAPI 62051402,,,BrasilAPI,"Sobral,CE"
BRASILAPI 65500000,,,BrasilAPI,"Chapadinha,MA"
BRASILAPI 64290000,,,BrasilAPI,"Altos,PI"
BRASILAPI 54130340,,,BrasilAPI,"Jaboatão dos Guararapes,PE"
BRASILAPI 49160000,,,BrasilAPI,"Nossa Senhora do Socorro,SE"
BRASILAPI 67208210,,,BrasilAPI,"Marituba,PA"
BRASILAPI 64603000,,,BrasilAPI,"Picos,PI"
BRASILAPI 65700000,,,BrasilAPI,"Bacabal,MA"
BRASILAPI 64205200,,,BrasilAPI,"Parnaíba,PI"
BRASILAPI 69907701,,,BrasilAPI,"Rio Branco,AC"
BRASILAPI 32669055,,,BrasilAPI,"Betim,MG"
BRASILAPI 75906605,,,BrasilAPI,"Rio Verde,GO"
BRASILAPI 29165740,,,BrasilAPI,"Serra,ES"
BRASILAPI 02283000,,,BrasilAPI,"São Paulo,SP"
BRASILAPI 29167183,,,BrasilAPI,"Serra,ES"
BRASILAPI 65215000,,,BrasilAPI,"Viana,MA"
BRASILAPI 65415000,,,BrasilAPI,"Coroatá,MA"
BRASILAPI 65208000,,,BrasilAPI,"Santa Helena,MA"
BRASILAPI 55304000,,,BrasilAPI,"Garanhuns,PE"
BRASILAPI 78390000,,,BrasilAPI,"Barra do Bugres,MT"
BRASILAPI 68695000,,,BrasilAPI,"Tailândia,PA"
BRASILAPI 88370232,,,BrasilAPI,"Navegantes,SC"
BRASILAPI 55613000,,,BrasilAPI,"Vitória de Santo Antão,PE"
BRASILAPI 07857050,,,BrasilAPI,"Franco da Rocha,SP"
BRASILAPI 07713000,,,BrasilAPI,"Caieiras,SP"
BRASILAPI 26285000,,,BrasilAPI,"Nova Iguaçu,RJ"
BRASILAPI 06768000,,,BrasilAPI,"Taboão da Serra,SP"
BRASILAPI 29345000,,,BrasilAPI,"Marataízes,ES"
BRASILAPI 06709470,,,BrasilAPI,"Cotia,SP"
BRASILAPI 30320760,,,BrasilAPI,"Belo Horizonte,MG"
BRASILAPI 77820596,,,BrasilAPI,"Araguaína,TO"
BRASILAPI 68502290,,,BrasilAPI,"Marabá,PA"
BRASILAPI 68507300,,,BrasilAPI,"Marabá,PA"
BRASILAPI 88102340,,,BrasilAPI,"São José,SC"
BRASILAPI 73340180,,,BrasilAPI,"Brasília,DF"
BRASILAPI 29157900,,,BrasilAPI,"Cariacica,ES"
BRASILAPI 15502325,,,BrasilAPI,"Votuporanga,SP"
BRASILAPI 48730000,,,BrasilAPI,"Conceição do Coité,BA"
BRASILAPI 88130280,,,BrasilAPI,"Palhoça,SC"
BRASILAPI 06725060,,,BrasilAPI,"Cotia,SP"
BRASILAPI 17026550,,,BrasilAPI,"Bauru,SP"
BRASILAPI 36085160,,,BrasilAPI,"Juiz de Fora,MG"
BRASILAPI 42813092,,,BrasilAPI,"Camaçari,BA"
BRASILAPI 42701330,,,BrasilAPI,"Lauro de Freitas,BA"
BRASILAPI 62674000,,,BrasilAPI,"São Gonçalo do Amarante,CE"
BRASILAPI 06350310,,,BrasilAPI_None,
BRASILAPI 68450000,,,BrasilAPI,"Moju,PA"
BRASILAPI 27715252,,,BrasilAPI_None,
BRASILAPI 42700130,,,BrasilAPI,"Lauro de Freitas,BA"
BRASILAPI 40715290,,,BrasilAPI,"Salvador,BA"
BRASILAPI 50751130,,,BrasilAPI,"Recife,PE"
BRASILAPI 65715000,,,BrasilAPI,"Lago da Pedra,MA"
BRASILAPI 13041902,,,BrasilAPI,"Campinas,SP"
BRASILAPI 45810000,,,BrasilAPI,"Porto Seguro,BA"
BRASILAPI 28890000,,,BrasilAPI_None,
BRASILAPI 65930000,,,BrasilAPI,"Açailândia,MA"
BRASILAPI 35680215,,,BrasilAPI,"Itaúna,MG"
BRASILAPI 61939210,,,BrasilAPI,"Maracanaú,CE"
BRASILAPI 88048300,,,BrasilAPI,"Florianópolis,SC"
BRASILAPI 48700000,,,BrasilAPI,"Serrinha,BA"
BRASILAPI 59255000,,,BrasilAPI,"Santo Antônio,RN"
BRASILAPI 58036880,,,BrasilAPI,"João Pessoa,PB"
BRASILAPI 88355350,,,BrasilAPI,"Brusque,SC"
BRASILAPI 48490000,,,BrasilAPI,"Inhambupe,BA"
BRASILAPI 55034250,,,BrasilAPI,"Caruaru,PE"
BRASILAPI 57490000,,,BrasilAPI,"Água Branca,AL"
BRASILAPI 88508620,,,BrasilAPI,"Lages,SC"
BRASILAPI 68701480,,,BrasilAPI,"Capanema,PA"
BRASILAPI 59650000,,,BrasilAPI,"Açu,RN"
BRASILAPI 53437810,,,BrasilAPI,"Paulista,PE"
BRASILAPI 44573520,,,BrasilAPI,"Santo Antônio de Jesus,BA"
BRASILAPI 41299235,,,BrasilAPI_None,
BRASILAPI 40301155,,,BrasilAPI,"Salvador,BA"
BRASILAPI 89256000,,,BrasilAPI,"Jaraguá do Sul,SC"
BRASILAPI 69075840,,,BrasilAPI,"Manaus,AM"
BRASILAPI 59073150,,,BrasilAPI,"Natal,RN"
BRASILAPI 04165000,,,BrasilAPI,"São Paulo,SP"
BRASILAPI 44360000,,,BrasilAPI,"São Félix,BA"
BRASILAPI 48970000,,,BrasilAPI,"Senhor do Bonfim,BA"
BRASILAPI 26600000,,,BrasilAPI,"Paracambi,RJ"
BRASILAPI 83280000,,,BrasilAPI,"Guaratuba,PR"
BRASILAPI 04115090,,,BrasilAPI,"São Paulo,SP"
BRASILAPI 51160210,,,BrasilAPI,"Recife,PE"
BRASILAPI 78075210,,,BrasilAPI,"Cuiabá,MT"
BRASILAPI 55520000,,,BrasilAPI,"Ribeirão,PE"
BRASILAPI 62042120,,,BrasilAPI,"Sobral,CE"
BRASILAPI 75955000,,,BrasilAPI,"Indiara,GO"
BRASILAPI 88117400,,,BrasilAPI,"São José,SC"
BRASILAPI 58064015,,,BrasilAPI,"João Pessoa,PB"
BRASILAPI 04533013,,,BrasilAPI,"São Paulo,SP"
BRASILAPI 17010230,,,BrasilAPI,"Bauru,SP"
BRASILAPI 32250000,,,BrasilAPI,"Contagem,MG"
BRASILAPI 55125000,,,BrasilAPI,"Toritama,PE"
BRASILAPI 93315138,,,BrasilAPI,"Novo Hamburgo,RS"
BRASILAPI 09771210,,,BrasilAPI,"São Bernardo do Campo,SP"
BRASILAPI 72445000,,,BrasilAPI,"Brasília,DF"
BRASILAPI 70276400,,,BrasilAPI,"Brasília,DF"
BRASILAPI 70310660,,,BrasilAPI_None,
BRASILAPI 71219900,,,BrasilAPI,"Brasília,DF"
BRASILAPI 68600000,,,BrasilAPI,"Bragança,PA"
CITY_CENTER MATA DE SÃO JOÃO BA BRAZIL,-12.530685,-38.300898,CityCenter,"MATA DE SÃO JOÃO, BA, Brazil"
BRASILAPI 41740460,,,BrasilAPI,"Salvador,BA"
CITY_CENTER SALVADOR BA BRAZIL,-12.9822499,-38.4812772,CityCenter,"SALVADOR, BA, Brazil"
CITY_CENTER SÃO PAULO SP BRAZIL,-23.5506507,-46.6333824,CityCenter,"SÃO PAULO, SP, Brazil"
CITY_CENTER SIMÕES FILHO BA BRAZIL,-12.7867839,-38.4030365,CityCenter,"SIMÕES FILHO, BA, Brazil"
BRASILAPI 71608900,,,BrasilAPI,"Brasília,DF"
CITY_CENTER BRASÍLIA DF BRAZIL,-15.7939869,-47.8828,CityCenter,"BRASÍLIA, DF, Brazil"
BRASILAPI 22631004,,,BrasilAPI,"Rio de Janeiro,RJ"
CITY_CENTER RIO DE JANEIRO RJ BRAZIL,-22.9110137,-43.2093727,CityCenter,"RIO DE JANEIRO, RJ, Brazil"
BRASILAPI 50741904,,,BrasilAPI,"Recife,PE"
CITY_CENTER RECIFE PE BRAZIL,-8.0584933,-34.8848193,CityCenter,"RECIFE, PE, Brazil"
CITY_CENTER BARUERI SP BRAZIL,-23.5112184,-46.8764612,CityCenter,"BARUERI, SP, Brazil"
CITY_CENTER NOVA LIMA MG BRAZIL,-19.9854089,-43.8470691,CityCenter,"NOVA LIMA, MG, Brazil"
BRASILAPI 41820790,,,BrasilAPI,"Salvador,BA"
BRASILAPI 57035690,,,BrasilAPI,"Maceió,AL"
CITY_CENTER MACEIÓ AL BRAZIL,-9.6476843,-35.7339264,CityCenter,"MACEIÓ, AL, Brazil"
CITY_CENTER BEBEDOURO SP BRAZIL,-20.949077,-48.479083,CityCenter,"BEBEDOURO, SP, Brazil"
CITY_CENTER CAMAÇARI BA BRAZIL,-12.6998188,-38.3260762,CityCenter,"CAMAÇARI, BA, Brazil"
BRASILAPI 41600100,,,BrasilAPI,"Salvador,BA"
BRASILAPI 32310000,,,BrasilAPI,"Contagem,MG"
CITY_CENTER CONTAGEM MG BRAZIL,-19.9132749,-44.0840953,CityCenter,"CONTAGEM, MG, Brazil"
CITY_CENTER SÃO FRANCISCO DO SUL SC BRAZIL,-26.2495087,-48.6308087,CityCenter,"SÃO FRANCISCO DO SUL, SC, Brazil"
BRASILAPI 61935180,,,BrasilAPI,"Maracanaú,CE"
CITY_CENTER MARACANAÚ CE BRAZIL,-3.8779438,-38.6247697,CityCenter,"MARACANAÚ, CE, Brazil"
CITY_CENTER TELÊMACO BORBA PR BRAZIL,-24.3282939,-50.6318021,CityCenter,"TELÊMACO BORBA, PR, Brazil"
BRASILAPI 65058324,,,BrasilAPI,"São Luís,MA"
CITY_CENTER SÃO LUÍS MA BRAZIL,-2.5295265,-44.2963942,CityCenter,"SÃO LUÍS, MA, Brazil"
BRASILAPI 62810000,,,BrasilAPI,"Icapuí,CE"
CITY_CENTER ICAPUÍ CE BRAZIL,-4.7158474,-37.3535365,CityCenter,"ICAPUÍ, CE, Brazil"
BRASILAPI 40170110,,,BrasilAPI,"Salvador,BA"
BRASILAPI 41701015,,,BrasilAPI,"Salvador,BA"
BRASILAPI 45600934,,,BrasilAPI_None,
CITY_CENTER ITABUNA BA BRAZIL,-14.793173,-39.2750341,CityCenter,"ITABUNA, BA, Brazil"
BRASILAPI 29050911,,,BrasilAPI,"Vitória,ES"
CITY_CENTER VITÓRIA ES BRAZIL,-20.3200917,-40.3376682,CityCenter,"VITÓRIA, ES, Brazil"
BRASILAPI 53444360,,,BrasilAPI,"Paulista,PE"
CITY_CENTER PAULISTA PE BRAZIL,-7.9340069,-34.868407,CityCenter,"PAULISTA, PE, Brazil"
BRASILAPI 40280902,,,BrasilAPI,"Salvador,BA"
BRASILAPI 86701000,,,BrasilAPI_None,
CITY_CENTER ARAPONGAS PR BRAZIL,-23.4152862,-51.4293961,CityCenter,"ARAPONGAS, PR, Brazil"
BRASILAPI 17052005,,,BrasilAPI,"Bauru,SP"
CITY_CENTER BAURU SP BRAZIL,-22.3218102,-49.0705863,CityCenter,"BAURU, SP, Brazil"
BRASILAPI 35680095,,,BrasilAPI,"Itaúna,MG"
CITY_CENTER ITAÚNA MG BRAZIL,-20.075556,-44.576389,CityCenter,"ITAÚNA, MG, Brazil"
BRASILAPI 50731005,,,BrasilAPI,"Recife,PE"
BRASILAPI 40157151,,,BrasilAPI,"Salvador,BA"
CITY_CENTER CAXIAS MA BRAZIL,-4.8654201,-43.353664,CityCenter,"CAXIAS, MA, Brazil"
BRASILAPI 41181900,,,BrasilAPI,"Salvador,BA"
BRASILAPI 57057000,,,BrasilAPI,"Maceió,AL"
BRASILAPI 99500000,,,BrasilAPI,"Carazinho,RS"
CITY_CENTER CARAZINHO RS BRAZIL,-28.2981634,-52.7942363,CityCenter,"CARAZINHO, RS, Brazil"
CITY_CENTER OLINDA PE BRAZIL,-7.9986401,-34.8459552,CityCenter,"OLINDA, PE, Brazil"
CITY_CENTER BALSAS MA BRAZIL,-7.53214,-46.037163,CityCenter,"BALSAS, MA, Brazil"
BRASILAPI 44052064,,,BrasilAPI,"Feira de Santana,BA"
CITY_CENTER FEIRA DE SANTANA BA BRAZIL,-12.2578934,-38.9598047,CityCenter,"FEIRA DE SANTANA, BA, Brazil"
BRASILAPI 44520000,,,BrasilAPI,"Rafael Jambeiro,BA"
CITY_CENTER RAFAEL JAMBEIRO BA BRAZIL,-12.3988144,-39.5020289,CityCenter,"RAFAEL JAMBEIRO, BA, Brazil"
BRASILAPI 34710138,,,BrasilAPI,"Sabará,MG"
CITY_CENTER SABARÁ MG BRAZIL,-19.8900372,-43.8107916,CityCenter,"SABARÁ, MG, Brazil"
BRASILAPI 35680352,,,BrasilAPI,"Itaúna,MG"
BRASILAPI 58111400,,,BrasilAPI,"Bayeux,PB"
CITY_CENTER BAYEUX PB BRAZIL,-7.1301631,-34.936532,CityCenter,"BAYEUX, PB, Brazil"
BRASILAPI 41730101,,,BrasilAPI,"Salvador,BA"
BRASILAPI 42701450,,,BrasilAPI,"Lauro de Freitas,BA"
CITY_CENTER LAURO DE FREITAS BA BRAZIL,-12.89242,-38.3127691,CityCenter,"LAURO DE FREITAS, BA, Brazil"
BRASILAPI 17512751,,,BrasilAPI,"Marília,SP"
CITY_CENTER MARÍLIA SP BRAZIL,-22.2172002,-49.9500061,CityCenter,"MARÍLIA, SP, Brazil"
BRASILAPI 13414040,,,BrasilAPI,"Piracicaba,SP"
CITY_CENTER PIRACICABA SP BRAZIL,-22.725165,-47.6493269,CityCenter,"PIRACICABA, SP, Brazil"
CITY_CENTER VITÓRIA DA CONQUISTA BA BRAZIL,-14.8567487,-40.8414804,CityCenter,"VITÓRIA DA CONQUISTA, BA, Brazil"
BRASILAPI 68385000,,,BrasilAPI,"Tucumã,PA"
CITY_CENTER TUCUMÃ PA BRAZIL,-6.7517239,-51.1507941,CityCenter,"TUCUMÃ, PA, Brazil"
BRASILAPI 79033180,,,BrasilAPI,"Campo Grande,MS"
CITY_CENTER CAMPO GRANDE MS BRAZIL,-20.4640173,-54.6162947,CityCenter,"CAMPO GRANDE, MS, Brazil"
BRASILAPI 55016400,,,BrasilAPI,"Caruaru,PE"
CITY_CENTER CARUARU PE BRAZIL,-8.2829702,-35.9722852,CityCenter,"CARUARU, PE, Brazil"
BRASILAPI 64204035,,,BrasilAPI,"Parnaíba,PI"
CITY_CENTER PARNAÍBA PI BRAZIL,-2.9147515,-41.7661953,CityCenter,"PARNAÍBA, PI, Brazil"
BRASILAPI 65390000,,,BrasilAPI,"Santa Luzia,MA"
CITY_CENTER SANTA LUZIA MA BRAZIL,-3.9633675,-45.6637956,CityCenter,"SANTA LUZIA, MA, Brazil"
BRASILAPI 41820021,,,BrasilAPI,"Salvador,BA"
BRASILAPI 68639000,,,BrasilAPI,"Goianésia do Pará,PA"
CITY_CENTER GOIANÉSIA DO PARÁ PA BRAZIL,-3.8380998,-49.0977992,CityCenter,"GOIANÉSIA DO PARÁ, PA, Brazil"
BRASILAPI 68625970,,,BrasilAPI,"Paragominas,PA"
CITY_CENTER PARAGOMINAS PA BRAZIL,-2.99564,-47.3548942,CityCenter,"PARAGOMINAS, PA, Brazil"
BRASILAPI 68540000,,,BrasilAPI,"Conceição do Araguaia,PA"
CITY_CENTER CONCEIÇÃO DO ARAGUAIA PA BRAZIL,-8.2696905,-49.2676864,CityCenter,"CONCEIÇÃO DO ARAGUAIA, PA, Brazil"
CITY_CENTER ALTO GARÇAS MT BRAZIL,-16.9469683,-53.529427,CityCenter,"ALTO GARÇAS, MT, Brazil"
BRASILAPI 49040020,,,BrasilAPI,"Aracaju,SE"
CITY_CENTER ARACAJU SE BRAZIL,-10.9162061,-37.0774655,CityCenter,"ARACAJU, SE, Brazil"
BRASILAPI 38406633,,,BrasilAPI,"Uberlândia,MG"
CITY_CENTER UBERLÂNDIA MG BRAZIL,-18.9188041,-48.2767837,CityCenter,"UBERLÂNDIA, MG, Brazil"
CITY_CENTER ITUPIRANGA PA BRAZIL,-5.1337224,-49.3321988,CityCenter,"ITUPIRANGA, PA, Brazil"
BRASILAPI 15081285,,,BrasilAPI,"São José do Rio Preto,SP"
CITY_CENTER SÃO JOSÉ DO RIO PRETO SP BRAZIL,-20.8125851,-49.3804212,CityCenter,"SÃO JOSÉ DO RIO PRETO, SP, Brazil"
BRASILAPI 28035582,,,BrasilAPI,"Campos dos Goytacazes,RJ"
CITY_CENTER CAMPOS DOS GOYTACAZES RJ BRAZIL,-21.7546,-41.3242,CityCenter,"CAMPOS DOS GOYTACAZES, RJ, Brazil"
CITY_CENTER AÇAILÂNDIA MA BRAZIL,-4.9515026,-47.500732,CityCenter,"AÇAILÂNDIA, MA, Brazil"
BRASILAPI 58102655,,,BrasilAPI,"Cabedelo,PB"
CITY_CENTER CABEDELO PB BRAZIL,-6.97324,-34.8351609,CityCenter,"CABEDELO, PB, Brazil"
BRASILAPI 15090305,,,BrasilAPI,"São José do Rio Preto,SP"
CITY_CENTER MAUÁ SP BRAZIL,-23.6669527,-46.4616922,CityCenter,"MAUÁ, SP, Brazil"
BRASILAPI 13880000,,,BrasilAPI,"Vargem Grande do Sul,SP"
CITY_CENTER VARGEM GRANDE DO SUL SP BRAZIL,-21.8310636,-46.893303,CityCenter,"VARGEM GRANDE DO SUL, SP, Brazil"
BRASILAPI 41800700,,,BrasilAPI,"Salvador,BA"
BRASILAPI 40265200,,,BrasilAPI,"Salvador,BA"
BRASILAPI 68790000,,,BrasilAPI,"Santa Isabel do Pará,PA"
CITY_CENTER SANTA ISABEL DO PARÁ PA BRAZIL,-1.2968557,-48.1605533,CityCenter,"SANTA ISABEL DO PARÁ, PA, Brazil"
BRASILAPI 79601970,,,BrasilAPI,"Três Lagoas,MS"
CITY_CENTER TRÊS LAGOAS MS BRAZIL,-20.7866799,-51.7061247,CityCenter,"TRÊS LAGOAS, MS, Brazil"
BRASILAPI 58411450,,,BrasilAPI,"Campina Grande,PB"
CITY_CENTER CAMPINA GRANDE PB BRAZIL,-7.2246743,-35.8771292,CityCenter,"CAMPINA GRANDE, PB, Brazil"
BRASILAPI 69099045,,,BrasilAPI,"Manaus,AM"
CITY_CENTER MANAUS AM BRAZIL,-3.1316333,-59.9825041,CityCenter,"MANAUS, AM, Brazil"
CITY_CENTER DUQUE DE CAXIAS RJ BRAZIL,-22.7896225,-43.309929,CityCenter,"DUQUE DE CAXIAS, RJ, Brazil"
BRASILAPI 22775005,,,BrasilAPI,"Rio de Janeiro,RJ"
BRASILAPI 65910000,,,BrasilAPI,"Imperatriz,MA"
CITY_CENTER IMPERATRIZ MA BRAZIL,-5.5269279,-47.478115,CityCenter,"IMPERATRIZ, MA, Brazil"
BRASILAPI 59296608,,,BrasilAPI,"São Gonçalo do Amarante,RN"
CITY_CENTER SÃO GONÇALO DO AMARANTE RN BRAZIL,-5.7932331,-35.3286312,CityCenter,"SÃO GONÇALO DO AMARANTE, RN, Brazil"
BRASILAPI 78700905,,,BrasilAPI,"Rondonópolis,MT"
CITY_CENTER RONDONÓPOLIS MT BRAZIL,-16.4603533,-54.6397099,CityCenter,"RONDONÓPOLIS, MT, Brazil"
BRASILAPI 54330000,,,BrasilAPI,"Jaboatão dos Guararapes,PE"
CITY_CENTER JABOATÃO DOS GUARARAPES PE BRAZIL,-8.1752476,-34.9468716,CityCenter,"JABOATÃO DOS GUARARAPES, PE, Brazil"
BRASILAPI 54410100,,,BrasilAPI,"Jaboatão dos Guararapes,PE"
CITY_CENTER GUARULHOS SP BRAZIL,-23.4675941,-46.5277704,CityCenter,"GUARULHOS, SP, Brazil"
BRASILAPI 30170120,,,BrasilAPI,"Belo Horizonte,MG"
CITY_CENTER BELO HORIZONTE MG BRAZIL,-19.9227318,-43.9450948,CityCenter,"BELO HORIZONTE, MG, Brazil"
CITY_CENTER ARAGUAÍNA TO BRAZIL,-7.193241,-48.2018597,CityCenter,"ARAGUAÍNA, TO, Brazil"
BRASILAPI 74910096,,,BrasilAPI,"Aparecida de Goiânia,GO"
CITY_CENTER APARECIDA DE GOIÂNIA GO BRAZIL,-16.8226769,-49.2452546,CityCenter,"APARECIDA DE GOIÂNIA, GO, Brazil"
BRASILAPI 78500000,,,BrasilAPI,"Colíder,MT"
CITY_CENTER COLÍDER MT BRAZIL,-10.8094999,-55.4540386,CityCenter,"COLÍDER, MT, Brazil"
BRASILAPI 21530001,,,BrasilAPI,"Rio de Janeiro,RJ"
BRASILAPI 20930041,,,BrasilAPI,"Rio de Janeiro,RJ"
BRASILAPI 35162410,,,BrasilAPI,"Ipatinga,MG"
CITY_CENTER IPATINGA MG BRAZIL,-19.4777807,-42.5270802,CityCenter,"IPATINGA, MG, Brazil"
BRASILAPI 53570165,,,BrasilAPI,"Abreu e Lima,PE"
CITY_CENTER ABREU E LIMA PE BRAZIL,-7.900719,-34.898389,CityCenter,"ABREU E LIMA, PE, Brazil"
BRASILAPI 69315242,,,BrasilAPI,"Boa Vista,RR"
CITY_CENTER BOA VISTA RR BRAZIL,2.8208478,-60.6719582,CityCenter,"BOA VISTA, RR, Brazil"
BRASILAPI 74270020,,,BrasilAPI,"Goiânia,GO"
CITY_CENTER GOIÂNIA GO BRAZIL,-16.680882,-49.2532691,CityCenter,"GOIÂNIA, GO, Brazil"
BRASILAPI 18150000,,,BrasilAPI,"Ibiúna,SP"
CITY_CENTER IBIÚNA SP BRAZIL,-23.6544825,-47.220856,CityCenter,"IBIÚNA, SP, Brazil"
BRASILAPI 13700000,,,BrasilAPI,"Casa Branca,SP"
CITY_CENTER CASA BRANCA SP BRAZIL,-21.7743137,-47.0852175,CityCenter,"CASA BRANCA, SP, Brazil"
BRASILAPI 69313630,,,BrasilAPI,"Boa Vista,RR"
CITY_CENTER PINHEIRO MA BRAZIL,-2.5270459,-45.0866463,CityCenter,"PINHEIRO, MA, Brazil"
CITY_CENTER SANTA INÊS MA BRAZIL,-3.6647821,-45.3826869,CityCenter,"SANTA INÊS, MA, Brazil"
BRASILAPI 65075441,,,BrasilAPI,"São Luís,MA"
BRASILAPI 35530000,,,BrasilAPI,"Cláudio,MG"
CITY_CENTER CLÁUDIO MG BRAZIL,-20.4448485,-44.7655217,CityCenter,"CLÁUDIO, MG, Brazil"
BRASILAPI 44700000,,,BrasilAPI,"Jacobina,BA"
CITY_CENTER JACOBINA BA BRAZIL,-11.1851561,-40.5112434,CityCenter,"JACOBINA, BA, Brazil"
CITY_CENTER BARRA DO CORDA MA BRAZIL,-5.496823,-45.248496,CityCenter,"BARRA DO CORDA, MA, Brazil"
BRASILAPI 45652565,,,BrasilAPI,"Ilhéus,BA"
CITY_CENTER ILHÉUS BA BRAZIL,-14.792599,-39.0453843,CityCenter,"ILHÉUS, BA, Brazil"
CITY_CENTER ITAPIPOCA CE BRAZIL,-3.4960586,-39.5819197,CityCenter,"ITAPIPOCA, CE, Brazil"
CITY_CENTER JUAZEIRO BA BRAZIL,-9.4336959,-40.5068201,CityCenter,"JUAZEIRO, BA, Brazil"
BRASILAPI 58808200,,,BrasilAPI,"Sousa,PB"
CITY_CENTER SOUSA PB BRAZIL,-6.7662029,-38.2319607,CityCenter,"SOUSA, PB, Brazil"
BRASILAPI 65095603,,,BrasilAPI,"São Luís,MA"
CITY_CENTER TEIXEIRA DE FREITAS BA BRAZIL,-17.5384774,-39.7451701,CityCenter,"TEIXEIRA DE FREITAS, BA, Brazil"
BRASILAPI 45203830,,,BrasilAPI,"Jequié,BA"
CITY_CENTER JEQUIÉ BA BRAZIL,-13.8604033,-40.0719627,CityCenter,"JEQUIÉ, BA, Brazil"
BRASILAPI 66090363,,,BrasilAPI,"Belém,PA"
CITY_CENTER BELÉM PA BRAZIL,-1.45056,-48.4682453,CityCenter,"BELÉM, PA, Brazil"
BRASILAPI 57038000,,,BrasilAPI,"Maceió,AL"
BRASILAPI 62677000,,,BrasilAPI,"São Gonçalo do Amarante,CE"
CITY_CENTER SÃO GONÇALO DO AMARANTE CE BRAZIL,-3.6099755,-38.9687182,CityCenter,"SÃO GONÇALO DO AMARANTE, CE, Brazil"
BRASILAPI 79033005,,,BrasilAPI,"Campo Grande,MS"
BRASILAPI 79013545,,,BrasilAPI,"Campo Grande,MS"
BRASILAPI 31160342,,,BrasilAPI,"Belo Horizonte,MG"
BRASILAPI 52140005,,,BrasilAPI,"Recife,PE"
BRASILAPI 46400000,,,BrasilAPI,"Caetité,BA"
CITY_CENTER CAETITÉ BA BRAZIL,-14.0691776,-42.4852428,CityCenter,"CAETITÉ, BA, Brazil"
BRASILAPI 65073780,,,BrasilAPI,"São Luís,MA"
BRASILAPI 22790704,,,BrasilAPI,"Rio de Janeiro,RJ"
CITY_CENTER PICOS PI BRAZIL,-7.0823544,-41.4685053,CityCenter,"PICOS, PI, Brazil"
CITY_CENTER CARAPICUÍBA SP BRAZIL,-23.5234673,-46.8406808,CityCenter,"CARAPICUÍBA, SP, Brazil"
BRASILAPI 44050782,,,BrasilAPI,"Feira de Santana,BA"
BRASILAPI 11440000,,,BrasilAPI,"Guarujá,SP"
CITY_CENTER GUARUJÁ SP BRAZIL,-23.9927768,-46.2558332,CityCenter,"GUARUJÁ, SP, Brazil"
BRASILAPI 69040040,,,BrasilAPI,"Manaus,AM"
BRASILAPI 74125100,,,BrasilAPI,"Goiânia,GO"
BRASILAPI 15600348,,,BrasilAPI,"Fernandópolis,SP"
CITY_CENTER FERNANDÓPOLIS SP BRAZIL,-20.2825647,-50.2500762,CityCenter,"FERNANDÓPOLIS, SP, Brazil"
CITY_CENTER OSASCO SP BRAZIL,-23.5324859,-46.7916801,CityCenter,"OSASCO, SP, Brazil"
CITY_CENTER PORTO SEGURO BA BRAZIL,-16.443473,-39.064251,CityCenter,"PORTO SEGURO, BA, Brazil"
BRASILAPI 65071380,,,BrasilAPI,"São Luís,MA"
BRASILAPI 34006065,,,BrasilAPI,"Nova Lima,MG"
BRASILAPI 55034190,,,BrasilAPI,"Caruaru,PE"
BRASILAPI 53437000,,,BrasilAPI,"Paulista,PE"
BRASILAPI 59067600,,,BrasilAPI,"Natal,RN"
CITY_CENTER NATAL RN BRAZIL,-5.805398,-35.2080905,CityCenter,"NATAL, RN, Brazil"
BRASILAPI 78050170,,,BrasilAPI,"Cuiabá,MT"
CITY_CENTER CUIABÁ MT BRAZIL,-15.5986686,-56.0991301,CityCenter,"CUIABÁ, MT, Brazil"
BRASILAPI 79240000,,,BrasilAPI,"Jardim,MS"
CITY_CENTER JARDIM MS BRAZIL,-21.479941,-56.148902,CityCenter,"JARDIM, MS, Brazil"
BRASILAPI 17507400,,,BrasilAPI,"Marília,SP"
BRASILAPI 79101000,,,BrasilAPI,"Campo Grande,MS"
BRASILAPI 44052151,,,BrasilAPI,"Feira de Santana,BA"
BRASILAPI 44021215,,,BrasilAPI,"Feira de Santana,BA"
BRASILAPI 65074115,,,BrasilAPI,"São Luís,MA"
BRASILAPI 91751000,,,BrasilAPI,"Porto Alegre,RS"
CITY_CENTER PORTO ALEGRE RS BRAZIL,-30.0324999,-51.2303767,CityCenter,"PORTO ALEGRE, RS, Brazil"
BRASILAPI 75380307,,,BrasilAPI,"Trindade,GO"
CITY_CENTER TRINDADE GO BRAZIL,-16.6549924,-49.4876203,CityCenter,"TRINDADE, GO, Brazil"
BRASILAPI 69060020,,,BrasilAPI,"Manaus,AM"
BRASILAPI 30494310,,,BrasilAPI,"Belo Horizonte,MG"
BRASILAPI 78080300,,,BrasilAPI,"Cuiabá,MT"
BRASILAPI 58400180,,,BrasilAPI,"Campina Grande,PB"
CITY_CENTER SALINAS MG BRAZIL,-16.1699073,-42.2910368,CityCenter,"SALINAS, MG, Brazil"
BRASILAPI 32370485,,,BrasilAPI,"Contagem,MG"
CITY_CENTER CASTANHAL PA BRAZIL,-1.2927031,-47.9223903,CityCenter,"CASTANHAL, PA, Brazil"
BRASILAPI 68745000,,,BrasilAPI,"Castanhal,PA"
BRASILAPI 32210110,,,BrasilAPI,"Contagem,MG"
BRASILAPI 78065165,,,BrasilAPI,"Cuiabá,MT"
BRASILAPI 11420000,,,BrasilAPI,"Guarujá,SP"
BRASILAPI 30112020,,,BrasilAPI,"Belo Horizonte,MG"
BRASILAPI 60710684,,,BrasilAPI,"Fortaleza,CE"
CITY_CENTER FORTALEZA CE BRAZIL,-3.7304512,-38.5217989,CityCenter,"FORTALEZA, CE, Brazil"
BRASILAPI 50110000,,,BrasilAPI,"Recife,PE"
BRASILAPI 76820112,,,BrasilAPI,"Porto Velho,RO"
CITY_CENTER PORTO VELHO RO BRAZIL,-8.7494525,-63.8735438,CityCenter,"PORTO VELHO, RO, Brazil"
BRASILAPI 35500220,,,BrasilAPI,"Divinópolis,MG"
CITY_CENTER DIVINÓPOLIS MG BRAZIL,-20.1597921,-44.8739341,CityCenter,"DIVINÓPOLIS, MG, Brazil"
BRASILAPI 65056045,,,BrasilAPI,"São Luís,MA"
BRASILAPI 67120527,,,BrasilAPI,"Ananindeua,PA"
CITY_CENTER ANANINDEUA PA BRAZIL,-1.374035,-48.4016623,CityCenter,"ANANINDEUA, PA, Brazil"
BRASILAPI 58055018,,,BrasilAPI,"João Pessoa,PB"
CITY_CENTER JOÃO PESSOA PB BRAZIL,-7.1215981,-34.882028,CityCenter,"JOÃO PESSOA, PB, Brazil"
CITY_CENTER NOSSA SENHORA DO SOCORRO SE BRAZIL,-10.8553115,-37.1264863,CityCenter,"NOSSA SENHORA DO SOCORRO, SE, Brazil"
BRASILAPI 32400001,,,BrasilAPI,"Ibirité,MG"
CITY_CENTER IBIRITÉ MG BRAZIL,-20.0214251,-44.0621506,CityCenter,"IBIRITÉ, MG, Brazil"
CITY_CENTER ANTÔNIO CARDOSO BA BRAZIL,-12.4363122,-39.1200307,CityCenter,"ANTÔNIO CARDOSO, BA, Brazil"
BRASILAPI 65070076,,,BrasilAPI,"São Luís,MA"
BRASILAPI 59610280,,,BrasilAPI,"Mossoró,RN"
CITY_CENTER MOSSORÓ RN BRAZIL,-5.1904332,-37.3443872,CityCenter,"MOSSORÓ, RN, Brazil"
BRASILAPI 32341000,,,BrasilAPI,"Contagem,MG"
BRASILAPI 65725000,,,BrasilAPI,"Pedreiras,MA"
CITY_CENTER PEDREIRAS MA BRAZIL,-4.5687989,-44.6003029,CityCenter,"PEDREIRAS, MA, Brazil"
BRASILAPI 79002460,,,BrasilAPI,"Campo Grande,MS"
BRASILAPI 49065450,,,BrasilAPI,"Aracaju,SE"
BRASILAPI 26012825,,,BrasilAPI,"Nova Iguaçu,RJ"
CITY_CENTER NOVA IGUAÇU RJ BRAZIL,-22.7592175,-43.4508728,CityCenter,"NOVA IGUAÇU, RJ, Brazil"
BRASILAPI 19053300,,,BrasilAPI,"Presidente Prudente,SP"
CITY_CENTER PRESIDENTE PRUDENTE SP BRAZIL,-22.1225167,-51.3882528,CityCenter,"PRESIDENTE PRUDENTE, SP, Brazil"
BRASILAPI 51110160,,,BrasilAPI,"Recife,PE"
BRASILAPI 58414060,,,BrasilAPI,"Campina Grande,PB"
BRASILAPI 33822722,,,BrasilAPI,"Ribeirão das Neves,MG"
CITY_CENTER RIBEIRÃO DAS NEVES MG BRAZIL,-19.7672898,-44.0875436,CityCenter,"RIBEIRÃO DAS NEVES, MG, Brazil"
BRASILAPI 45026090,,,BrasilAPI,"Vitória da Conquista,BA"
BRASILAPI 27948005,,,BrasilAPI,"Macaé,RJ"
CITY_CENTER MACAÉ RJ BRAZIL,-22.2828305,-41.9649091,CityCenter,"MACAÉ, RJ, Brazil"
CITY_CENTER JAPERI RJ BRAZIL,-22.6427642,-43.6533831,CityCenter,"JAPERI, RJ, Brazil"
BRASILAPI 28030035,,,BrasilAPI,"Campos dos Goytacazes,RJ"
BRASILAPI 88310003,,,BrasilAPI,"Itajaí,SC"
CITY_CENTER ITAJAÍ SC BRAZIL,-26.9046787,-48.6552979,CityCenter,"ITAJAÍ, SC, Brazil"
BRASILAPI 88215000,,,BrasilAPI,"Bombinhas,SC"
CITY_CENTER BOMBINHAS SC BRAZIL,-27.1519159,-48.4875691,CityCenter,"BOMBINHAS, SC, Brazil"
BRASILAPI 58110160,,,BrasilAPI,"Bayeux,PB"
BRASILAPI 61880320,,,BrasilAPI,"Itaitinga,CE"
CITY_CENTER ITAITINGA CE BRAZIL,-3.965768,-38.529763,CityCenter,"ITAITINGA, CE, Brazil"
BRASILAPI 60410321,,,BrasilAPI,"Fortaleza,CE"
BRASILAPI 14770000,,,BrasilAPI,"Colina,SP"
CITY_CENTER COLINA SP BRAZIL,-20.711443,-48.53867,CityCenter,"COLINA, SP, Brazil"
BRASILAPI 51150001,,,BrasilAPI,"Recife,PE"
BRASILAPI 68638000,,,BrasilAPI,"Rondon do Pará,PA"
CITY_CENTER RONDON DO PARÁ PA BRAZIL,-4.7804416,-48.06983,CityCenter,"RONDON DO PARÁ, PA, Brazil"
BRASILAPI 41830000,,,BrasilAPI,"Salvador,BA"
BRASILAPI 58102120,,,BrasilAPI,"Cabedelo,PB"
BRASILAPI 12080000,,,BrasilAPI,"Taubaté,SP"
CITY_CENTER TAUBATÉ SP BRAZIL,-23.031448,-45.5612792,CityCenter,"TAUBATÉ, SP, Brazil"
CITY_CENTER ITAPEMA SC BRAZIL,-27.09472,-48.6137778,CityCenter,"ITAPEMA, SC, Brazil"
BRASILAPI 44001008,,,BrasilAPI,"Feira de Santana,BA"
BRASILAPI 65068500,,,BrasilAPI,"São Luís,MA"
BRASILAPI 29140501,,,BrasilAPI_None,
CITY_CENTER CARIACICA ES BRAZIL,-20.263202,-40.416549,CityCenter,"CARIACICA, ES, Brazil"
BRASILAPI 55555000,,,BrasilAPI,"Xexéu,PE"
CITY_CENTER XEXÉU PE BRAZIL,-8.8036743,-35.6244442,CityCenter,"XEXÉU, PE, Brazil"
CITY_CENTER SANTANA DE PARNAÍBA SP BRAZIL,-23.4446715,-46.9167722,CityCenter,"SANTANA DE PARNAÍBA, SP, Brazil"
BRASILAPI 51200000,,,BrasilAPI,"Recife,PE"
BRASILAPI 79020200,,,BrasilAPI,"Campo Grande,MS"
BRASILAPI 49037445,,,BrasilAPI,"Aracaju,SE"
BRASILAPI 57083410,,,BrasilAPI,"Maceió,AL"
BRASILAPI 57073470,,,BrasilAPI,"Maceió,AL"
BRASILAPI 65075692,,,BrasilAPI,"São Luís,MA"
BRASILAPI 57084650,,,BrasilAPI,"Maceió,AL"
BRASILAPI 13077001,,,BrasilAPI,"Campinas,SP"
CITY_CENTER CAMPINAS SP BRAZIL,-22.9056391,-47.059564,CityCenter,"CAMPINAS, SP, Brazil"
BRASILAPI 30350563,,,BrasilAPI,"Belo Horizonte,MG"
BRASILAPI 34000001,,,BrasilAPI,"Nova Lima,MG"
BRASILAPI 30360430,,,BrasilAPI,"Belo Horizonte,MG"
BRASILAPI 34007134,,,BrasilAPI,"Nova Lima,MG"
CITY_CENTER BARRA DOS COQUEIROS SE BRAZIL,-10.9075694,-37.0386249,CityCenter,"BARRA DOS COQUEIROS, SE, Brazil"
BRASILAPI 40280000,,,BrasilAPI,"Salvador,BA"
BRASILAPI 41706690,,,BrasilAPI,"Salvador,BA"
BRASILAPI 41650000,,,BrasilAPI,"Salvador,BA"
BRASILAPI 60822130,,,BrasilAPI,"Fortaleza,CE"
BRASILAPI 45031000,,,BrasilAPI,"Vitória da Conquista,BA"
BRASILAPI 45028045,,,BrasilAPI,"Vitória da Conquista,BA"
BRASILAPI 60732142,,,BrasilAPI,"Fortaleza,CE"
BRASILAPI 63024015,,,BrasilAPI,"Juazeiro do Norte,CE"
CITY_CENTER JUAZEIRO DO NORTE CE BRAZIL,-7.2153453,-39.3153336,CityCenter,"JUAZEIRO DO NORTE, CE, Brazil"
BRASILAPI 63050423,,,BrasilAPI,"Juazeiro do Norte,CE"
BRASILAPI 23575000,,,BrasilAPI,"Rio de Janeiro,RJ"
BRASILAPI 35400000,,,BrasilAPI,"Ouro Preto,MG"
CITY_CENTER OURO PRETO MG BRAZIL,-20.385527,-43.5035214,CityCenter,"OURO PRETO, MG, Brazil"
BRASILAPI 69040000,,,BrasilAPI,"Manaus,AM"
BRASILAPI 45652155,,,BrasilAPI_None,
BRASILAPI 65630030,,,BrasilAPI,"Timon,MA"
CITY_CENTER TIMON MA BRAZIL,-5.1004341,-42.8312018,CityCenter,"TIMON, MA, Brazil"
BRASILAPI 60811170,,,BrasilAPI,"Fortaleza,CE"
BRASILAPI 11380001,,,BrasilAPI,"São Vicente,SP"
CITY_CENTER SÃO VICENTE SP BRAZIL,-23.9664177,-46.3861401,CityCenter,"SÃO VICENTE, SP, Brazil"
CITY_CENTER VENDA NOVA DO IMIGRANTE ES BRAZIL,-20.3325787,-41.1295842,CityCenter,"VENDA NOVA DO IMIGRANTE, ES, Brazil"
BRASILAPI 33200000,,,BrasilAPI_None,
CITY_CENTER VESPASIANO MG BRAZIL,-19.6940958,-43.9186521,CityCenter,"VESPASIANO, MG, Brazil"
BRASILAPI 13140558,,,BrasilAPI,"Paulínia,SP"
CITY_CENTER PAULÍNIA SP BRAZIL,-22.7630391,-47.1532213,CityCenter,"PAULÍNIA, SP, Brazil"
BRASILAPI 75104390,,,BrasilAPI,"Anápolis,GO"
CITY_CENTER ANÁPOLIS GO BRAZIL,-16.3332828,-48.9525756,CityCenter,"ANÁPOLIS, GO, Brazil"
BRASILAPI 65630020,,,BrasilAPI,"Timon,MA"
BRASILAPI 14095000,,,BrasilAPI,"Ribeirão Preto,SP"
CITY_CENTER RIBEIRÃO PRETO SP BRAZIL,-21.1776315,-47.8100983,CityCenter,"RIBEIRÃO PRETO, SP, Brazil"
BRASILAPI 58030000,,,BrasilAPI,"João Pessoa,PB"
BRASILAPI 96040000,,,BrasilAPI,"Pelotas,RS"
CITY_CENTER PELOTAS RS BRAZIL,-31.7699736,-52.3410161,CityCenter,"PELOTAS, RS, Brazil"
BRASILAPI 14095210,,,BrasilAPI,"Ribeirão Preto,SP"
BRASILAPI 25020001,,,BrasilAPI,"Duque de Caxias,RJ"
BRASILAPI 13333000,,,BrasilAPI,"Indaiatuba,SP"
CITY_CENTER INDAIATUBA SP BRAZIL,-23.0908356,-47.2180677,CityCenter,"INDAIATUBA, SP, Brazil"
BRASILAPI 11705000,,,BrasilAPI,"Praia Grande,SP"
CITY_CENTER PRAIA GRANDE SP BRAZIL,-24.008979,-46.4144939,CityCenter,"PRAIA GRANDE, SP, Brazil"
BRASILAPI 78705000,,,BrasilAPI,"Rondonópolis,MT"
BRASILAPI 79112010,,,BrasilAPI,"Campo Grande,MS"
BRASILAPI 35660970,,,BrasilAPI,"Pará de Minas,MG"
CITY_CENTER PARÁ DE MINAS MG BRAZIL,-19.8668656,-44.5912664,CityCenter,"PARÁ DE MINAS, MG, Brazil"
BRASILAPI 13339125,,,BrasilAPI,"Indaiatuba,SP"
BRASILAPI 88780000,,,BrasilAPI,"Imbituba,SC"
CITY_CENTER IMBITUBA SC BRAZIL,-28.241827,-48.6643444,CityCenter,"IMBITUBA, SC, Brazil"
BRASILAPI 45607000,,,BrasilAPI,"Itabuna,BA"
BRASILAPI 65138000,,,BrasilAPI,"Raposa,MA"
CITY_CENTER RAPOSA MA BRAZIL,-2.4410095,-44.1104256,CityCenter,"RAPOSA, MA, Brazil"
BRASILAPI 11660971,,,BrasilAPI,"Caraguatatuba,SP"
CITY_CENTER CARAGUATATUBA SP BRAZIL,-23.62028,-45.41306,CityCenter,"CARAGUATATUBA, SP, Brazil"
CITY_CENTER CAIEIRAS SP BRAZIL,-23.3644621,-46.7484765,CityCenter,"CAIEIRAS, SP, Brazil"
BRASILAPI 60420432,,,BrasilAPI,"Fortaleza,CE"
CITY_CENTER PETROLINA PE BRAZIL,-9.3817334,-40.4968875,CityCenter,"PETROLINA, PE, Brazil"
BRASILAPI 30380002,,,BrasilAPI,"Belo Horizonte,MG"
BRASILAPI 79613000,,,BrasilAPI,"Três Lagoas,MS"
BRASILAPI 64049560,,,BrasilAPI,"Teresina,PI"
CITY_CENTER TERESINA PI BRAZIL,-5.0874608,-42.8049571,CityCenter,"TERESINA, PI, Brazil"
BRASILAPI 14170585,,,BrasilAPI,"Sertãozinho,SP"
CITY_CENTER SERTÃOZINHO SP BRAZIL,-21.1375782,-47.9913741,CityCenter,"SERTÃOZINHO, SP, Brazil"
BRASILAPI 40110100,,,BrasilAPI,"Salvador,BA"
BRASILAPI 65590000,,,BrasilAPI,"Barreirinhas,MA"
CITY_CENTER BARREIRINHAS MA BRAZIL,-2.7541271,-42.8259693,CityCenter,"BARREIRINHAS, MA, Brazil"
BRASILAPI 78700130,,,BrasilAPI,"Rondonópolis,MT"
BRASILAPI 38800000,,,BrasilAPI,"São Gotardo,MG"
CITY_CENTER SÃO GOTARDO MG BRAZIL,-19.3168844,-46.0476596,CityCenter,"SÃO GOTARDO, MG, Brazil"
BRASILAPI 53525030,,,BrasilAPI,"Abreu e Lima,PE"
BRASILAPI 83040564,,,BrasilAPI,"São José dos Pinhais,PR"
CITY_CENTER SÃO JOSÉ DOS PINHAIS PR BRAZIL,-25.533816,-49.2072163,CityCenter,"SÃO JOSÉ DOS PINHAIS, PR, Brazil"
BRASILAPI 13403825,,,BrasilAPI,"Piracicaba,SP"
BRASILAPI 29102041,,,BrasilAPI,"Vila Velha,ES"
CITY_CENTER VILA VELHA ES BRAZIL,-20.3297037,-40.2920174,CityCenter,"VILA VELHA, ES, Brazil"
BRASILAPI 40279150,,,BrasilAPI,"Salvador,BA"
BRASILAPI 42702400,,,BrasilAPI,"Lauro de Freitas,BA"
BRASILAPI 32450000,,,BrasilAPI,"Sarzedo,MG"
CITY_CENTER SARZEDO MG BRAZIL,-20.0353,-44.1453,CityCenter,"SARZEDO, MG, Brazil"
BRASILAPI 13502100,,,BrasilAPI,"Rio Claro,SP"
CITY_CENTER RIO CLARO SP BRAZIL,-22.4100108,-47.5603933,CityCenter,"RIO CLARO, SP, Brazil"
CITY_CENTER SOROCABA SP BRAZIL,-23.5003451,-47.4582864,CityCenter,"SOROCABA, SP, Brazil"
BRASILAPI 60356392,,,BrasilAPI,"Fortaleza,CE"
BRASILAPI 66050000,,,BrasilAPI,"Belém,PA"
BRASILAPI 13013061,,,BrasilAPI,"Campinas,SP"
BRASILAPI 60355503,,,BrasilAPI,"Fortaleza,CE"
CITY_CENTER SÃO BERNARDO DO CAMPO SP BRAZIL,-23.7080345,-46.5506747,CityCenter,"SÃO BERNARDO DO CAMPO, SP, Brazil"
BRASILAPI 40080002,,,BrasilAPI,"Salvador,BA"
BRASILAPI 88301200,,,BrasilAPI,"Itajaí,SC"
CITY_CENTER SERRA ES BRAZIL,-20.1252961,-40.3064477,CityCenter,"SERRA, ES, Brazil"
BRASILAPI 49025100,,,BrasilAPI,"Aracaju,SE"
BRASILAPI 57010000,,,BrasilAPI,"Maceió,AL"
BRASILAPI 41820908,,,BrasilAPI,"Salvador,BA"
BRASILAPI 66615005,,,BrasilAPI,"Belém,PA"
BRASILAPI 57360000,,,BrasilAPI,"Girau do Ponciano,AL"
CITY_CENTER GIRAU DO PONCIANO AL BRAZIL,-9.884041,-36.831592,CityCenter,"GIRAU DO PONCIANO, AL, Brazil"
BRASILAPI 74866030,,,BrasilAPI,"Goiânia,GO"
BRASILAPI 13419320,,,BrasilAPI,"Piracicaba,SP"
BRASILAPI 41213000,,,BrasilAPI,"Salvador,BA"
BRASILAPI 13201160,,,BrasilAPI,"Jundiaí,SP"
CITY_CENTER JUNDIAÍ SP BRAZIL,-23.1887668,-46.884506,CityCenter,"JUNDIAÍ, SP, Brazil"
CITY_CENTER MATUPÁ MT BRAZIL,-10.1683242,-54.9346194,CityCenter,"MATUPÁ, MT, Brazil"
BRASILAPI 56906010,,,BrasilAPI,"Serra Talhada,PE"
CITY_CENTER SERRA TALHADA PE BRAZIL,-7.9867805,-38.2920294,CityCenter,"SERRA TALHADA, PE, Brazil"
BRASILAPI 60810350,,,BrasilAPI,"Fortaleza,CE"
BRASILAPI 68537000,,,BrasilAPI,"Canaã dos Carajás,PA"
CITY_CENTER CANAÃ DOS CARAJÁS PA BRAZIL,-6.5296837,-49.8516592,CityCenter,"CANAÃ DOS CARAJÁS, PA, Brazil"
BRASILAPI 64073020,,,BrasilAPI,"Teresina,PI"
BRASILAPI 29230000,,,BrasilAPI,"Anchieta,ES"
CITY_CENTER ANCHIETA ES BRAZIL,-20.8057672,-40.6454564,CityCenter,"ANCHIETA, ES, Brazil"
BRASILAPI 57442000,,,BrasilAPI,"Olho D'Água das Flores,AL"
CITY_CENTER OLHO D ÁGUA DAS FLORES AL BRAZIL,-9.5318374,-37.2939052,CityCenter,"OLHO D'ÁGUA DAS FLORES, AL, Brazil"
BRASILAPI 57280000,,,BrasilAPI,"Igreja Nova,AL"
CITY_CENTER IGREJA NOVA AL BRAZIL,-10.1267244,-36.658151,CityCenter,"IGREJA NOVA, AL, Brazil"
BRASILAPI 28015020,,,BrasilAPI,"Campos dos Goytacazes,RJ"
BRASILAPI 79104260,,,BrasilAPI,"Campo Grande,MS"
BRASILAPI 33239210,,,BrasilAPI,"Lagoa Santa,MG"
CITY_CENTER LAGOA SANTA MG BRAZIL,-19.6357376,-43.8966132,CityCenter,"LAGOA SANTA, MG, Brazil"
BRASILAPI 50810000,,,BrasilAPI,"Recife,PE"
BRASILAPI 40470630,,,BrasilAPI,"Salvador,BA"
BRASILAPI 66040020,,,BrasilAPI,"Belém,PA"
BRASILAPI 78135626,,,BrasilAPI,"Várzea Grande,MT"
CITY_CENTER VÁRZEA GRANDE MT BRAZIL,-15.645816,-56.132218,CityCenter,"VÁRZEA GRANDE, MT, Brazil"
BRASILAPI 35930002,,,BrasilAPI,"João Monlevade,MG"
CITY_CENTER JOÃO MONLEVADE MG BRAZIL,-19.809444,-43.173334,CityCenter,"JOÃO MONLEVADE, MG, Brazil"
CITY_CENTER PENEDO AL BRAZIL,-10.2872341,-36.5819262,CityCenter,"PENEDO, AL, Brazil"
BRASILAPI 41950000,,,BrasilAPI,"Salvador,BA"
BRASILAPI 41820000,,,BrasilAPI,"Salvador,BA"
BRASILAPI 13424022,,,BrasilAPI,"Piracicaba,SP"
BRASILAPI 75340000,,,BrasilAPI,"Hidrolândia,GO"
CITY_CENTER HIDROLÂNDIA GO BRAZIL,-16.9671342,-49.22826,CityCenter,"HIDROLÂNDIA, GO, Brazil"
CITY_CENTER SÃO MATEUS DO MARANHÃO MA BRAZIL,-4.0289169,-44.4667342,CityCenter,"SÃO MATEUS DO MARANHÃO, MA, Brazil"
BRASILAPI 60135102,,,BrasilAPI,"Fortaleza,CE"
BRASILAPI 51020280,,,BrasilAPI,"Recife,PE"
BRASILAPI 33250033,,,BrasilAPI,"Pedro Leopoldo,MG"
CITY_CENTER PEDRO LEOPOLDO MG BRAZIL,-19.617778,-44.043055,CityCenter,"PEDRO LEOPOLDO, MG, Brazil"
BRASILAPI 68551000,,,BrasilAPI,"Redenção,PA"
CITY_CENTER REDENÇÃO PA BRAZIL,-8.0299327,-50.0309543,CityCenter,"REDENÇÃO, PA, Brazil"
BRASILAPI 77001014,,,BrasilAPI,"Palmas,TO"
CITY_CENTER PALMAS TO BRAZIL,-10.1837852,-48.3336423,CityCenter,"PALMAS, TO, Brazil"
BRASILAPI 76350000,,,BrasilAPI,"Rubiataba,GO"
CITY_CENTER RUBIATABA GO BRAZIL,-15.1629793,-49.8005102,CityCenter,"RUBIATABA, GO, Brazil"
BRASILAPI 11726500,,,BrasilAPI,"Praia Grande,SP"
BRASILAPI 22775003,,,BrasilAPI,"Rio de Janeiro,RJ"
BRASILAPI 59151610,,,BrasilAPI,"Parnamirim,RN"
CITY_CENTER PARNAMIRIM RN BRAZIL,-5.9153334,-35.2679913,CityCenter,"PARNAMIRIM, RN, Brazil"
BRASILAPI 74280160,,,BrasilAPI,"Goiânia,GO"
CITY_CENTER SANTO ANDRÉ SP BRAZIL,-23.6533509,-46.5279039,CityCenter,"SANTO ANDRÉ, SP, Brazil"
BRASILAPI 35447000,,,BrasilAPI,"Barra Longa,MG"
CITY_CENTER BARRA LONGA MG BRAZIL,-20.2833541,-43.0423516,CityCenter,"BARRA LONGA, MG, Brazil"
CITY_CENTER SANTA CRUZ DO CAPIBARIBE PE BRAZIL,-7.948019,-36.206092,CityCenter,"SANTA CRUZ DO CAPIBARIBE, PE, Brazil"
CITY_CENTER RIBEIRÃO PE BRAZIL,-8.5066761,-35.3747339,CityCenter,"RIBEIRÃO, PE, Brazil"
BRASILAPI 79900404,,,BrasilAPI,"Ponta Porã,MS"
CITY_CENTER PONTA PORÃ MS BRAZIL,-22.5286917,-55.723426,CityCenter,"PONTA PORÃ, MS, Brazil"
BRASILAPI 32603075,,,BrasilAPI,"Betim,MG"
CITY_CENTER BETIM MG BRAZIL,-19.9475338,-44.1995361,CityCenter,"BETIM, MG, Brazil"
BRASILAPI 15130000,,,BrasilAPI_None,
CITY_CENTER MIRASSOL SP BRAZIL,-20.8141411,-49.507449,CityCenter,"MIRASSOL, SP, Brazil"
BRASILAPI 60325003,,,BrasilAPI,"Fortaleza,CE"
BRASILAPI 13468000,,,BrasilAPI,"Americana,SP"
CITY_CENTER AMERICANA SP BRAZIL,-22.7392463,-47.3306032,CityCenter,"AMERICANA, SP, Brazil"
BRASILAPI 79904698,,,BrasilAPI,"Ponta Porã,MS"
BRASILAPI 35675000,,,BrasilAPI,"Juatuba,MG"
CITY_CENTER JUATUBA MG BRAZIL,-19.954001,-44.3407921,CityCenter,"JUATUBA, MG, Brazil"
BRASILAPI 18130485,,,BrasilAPI,"São Roque,SP"
CITY_CENTER SÃO ROQUE SP BRAZIL,-23.5304843,-47.1355473,CityCenter,"SÃO ROQUE, SP, Brazil"
BRASILAPI 23575202,,,BrasilAPI,"Rio de Janeiro,RJ"
BRASILAPI 33120483,,,BrasilAPI,"Santa Luzia,MG"
CITY_CENTER SANTA LUZIA MG BRAZIL,-19.7702097,-43.8505291,CityCenter,"SANTA LUZIA, MG, Brazil"
BRASILAPI 68575000,,,BrasilAPI,"Piçarra,PA"
CITY_CENTER PIÇARRA PA BRAZIL,-6.4475822,-48.8633795,CityCenter,"PIÇARRA, PA, Brazil"
BRASILAPI 50870180,,,BrasilAPI,"Recife,PE"
BRASILAPI 13091000,,,BrasilAPI,"Campinas,SP"
BRASILAPI 63508120,,,BrasilAPI,"Iguatu,CE"
CITY_CENTER IGUATU CE BRAZIL,-6.361934,-39.2972233,CityCenter,"IGUATU, CE, Brazil"
BRASILAPI 65268000,,,BrasilAPI,"Cururupu,MA"
CITY_CENTER CURURUPU MA BRAZIL,-1.824255,-44.872996,CityCenter,"CURURUPU, MA, Brazil"
BRASILAPI 40140902,,,BrasilAPI,"Salvador,BA"
BRASILAPI 88805000,,,BrasilAPI,"Criciúma,SC"
CITY_CENTER CRICIÚMA SC BRAZIL,-28.6789941,-49.3695627,CityCenter,"CRICIÚMA, SC, Brazil"
BRASILAPI 45200970,,,BrasilAPI,"Jequié,BA"
BRASILAPI 38401119,,,BrasilAPI,"Uberlândia,MG"
BRASILAPI 29101410,,,BrasilAPI,"Vila Velha,ES"
CITY_CENTER MARANGUAPE CE BRAZIL,-3.8922967,-38.6835427,CityCenter,"MARANGUAPE, CE, Brazil"
BRASILAPI 81530434,,,BrasilAPI,"Curitiba,PR"
CITY_CENTER CURITIBA PR BRAZIL,-25.4295963,-49.2712724,CityCenter,"CURITIBA, PR, Brazil"
BRASILAPI 57037285,,,BrasilAPI,"Maceió,AL"
CITY_CENTER SÃO CAETANO DO SUL SP BRAZIL,-23.6195923,-46.5688323,CityCenter,"SÃO CAETANO DO SUL, SP, Brazil"
BRASILAPI 49400000,,,BrasilAPI,"Lagarto,SE"
CITY_CENTER LAGARTO SE BRAZIL,-10.914501,-37.6711105,CityCenter,"LAGARTO, SE, Brazil"
BRASILAPI 68590000,,,BrasilAPI,"Jacundá,PA"
CITY_CENTER JACUNDÁ PA BRAZIL,-4.446173,-49.115272,CityCenter,"JACUNDÁ, PA, Brazil"
BRASILAPI 79210000,,,BrasilAPI,"Anastácio,MS"
CITY_CENTER ANASTÁCIO MS BRAZIL,-20.4832458,-55.8048448,CityCenter,"ANASTÁCIO, MS, Brazil"
BRASILAPI 52171460,,,BrasilAPI,"Recife,PE"
BRASILAPI 59066180,,,BrasilAPI,"Natal,RN"
BRASILAPI 22793082,,,BrasilAPI,"Rio de Janeiro,RJ"
BRASILAPI 22790703,,,BrasilAPI,"Rio de Janeiro,RJ"
BRASILAPI 22793081,,,BrasilAPI,"Rio de Janeiro,RJ"
BRASILAPI 39404621,,,BrasilAPI,"Montes Claros,MG"
CITY_CENTER MONTES CLAROS MG BRAZIL,-16.7495727,-43.8687268,CityCenter,"MONTES CLAROS, MG, Brazil"
CITY_CENTER EUNÁPOLIS BA BRAZIL,-16.3766148,-39.586449,CityCenter,"EUNÁPOLIS, BA, Brazil"
BRASILAPI 57601370,,,BrasilAPI,"Palmeira dos Índios,AL"
CITY_CENTER PALMEIRA DOS ÍNDIOS AL BRAZIL,-9.4076249,-36.6323616,CityCenter,"PALMEIRA DOS ÍNDIOS, AL, Brazil"
BRASILAPI 64020338,,,BrasilAPI,"Teresina,PI"
BRASILAPI 60170002,,,BrasilAPI,"Fortaleza,CE"
CITY_CENTER PAÇO DO LUMIAR MA BRAZIL,-2.5329055,-44.1591965,CityCenter,"PAÇO DO LUMIAR, MA, Brazil"
BRASILAPI 13877757,,,BrasilAPI,"São João da Boa Vista,SP"
CITY_CENTER SÃO JOÃO DA BOA VISTA SP BRAZIL,-21.9687099,-46.7969216,CityCenter,"SÃO JOÃO DA BOA VISTA, SP, Brazil"
BRASILAPI 79170000,,,BrasilAPI,"Sidrolândia,MS"
CITY_CENTER SIDROLÂNDIA MS BRAZIL,-20.9361042,-54.9640262,CityCenter,"SIDROLÂNDIA, MS, Brazil"
BRASILAPI 79150000,,,BrasilAPI,"Maracaju,MS"
BRASILAPI 59080105,,,BrasilAPI,"Natal,RN"
BRASILAPI 65085581,,,BrasilAPI,"São Luís,MA"
CITY_CENTER CAMARAGIBE PE BRAZIL,-8.0213832,-34.9810768,CityCenter,"CAMARAGIBE, PE, Brazil"
BRASILAPI 35930312,,,BrasilAPI,"João Monlevade,MG"
BRASILAPI 35680037,,,BrasilAPI,"Itaúna,MG"
BRASILAPI 66087810,,,BrasilAPI,"Belém,PA"
BRASILAPI 88308001,,,BrasilAPI,"Itajaí,SC"
BRASILAPI 79076168,,,BrasilAPI,"Campo Grande,MS"
BRASILAPI 88308000,,,BrasilAPI,"Itajaí,SC"
BRASILAPI 79094000,,,BrasilAPI,"Campo Grande,MS"
BRASILAPI 34800000,,,BrasilAPI,"Caeté,MG"
CITY_CENTER CAETÉ MG BRAZIL,-19.897777,-43.670278,CityCenter,"CAETÉ, MG, Brazil"
BRASILAPI 57316010,,,BrasilAPI,"Arapiraca,AL"
CITY_CENTER ARAPIRACA AL BRAZIL,-9.754866,-36.661471,CityCenter,"ARAPIRACA, AL, Brazil"
CITY_CENTER SÃO MIGUEL DO GUAMÁ PA BRAZIL,-1.6116804,-47.4757551,CityCenter,"SÃO MIGUEL DO GUAMÁ, PA, Brazil"
BRASILAPI 88210000,,,BrasilAPI,"Porto Belo,SC"
CITY_CENTER PORTO BELO SC BRAZIL,-27.1542415,-48.5424395,CityCenter,"PORTO BELO, SC, Brazil"
BRASILAPI 60740002,,,BrasilAPI,"Fortaleza,CE"
BRASILAPI 57080128,,,BrasilAPI,"Maceió,AL"
BRASILAPI 44090156,,,BrasilAPI,"Feira de Santana,BA"
BRASILAPI 45450000,,,BrasilAPI,"Gandu,BA"
CITY_CENTER GANDU BA BRAZIL,-13.7448138,-39.4844732,CityCenter,"GANDU, BA, Brazil"
BRASILAPI 59570000,,,BrasilAPI,"Ceará-Mirim,RN"
CITY_CENTER CEARÁ MIRIM RN BRAZIL,-5.633588,-35.4248407,CityCenter,"CEARÁ-MIRIM, RN, Brazil"
BRASILAPI 79500000,,,BrasilAPI,"Paranaíba,MS"
CITY_CENTER PARANAÍBA MS BRAZIL,-19.6751971,-51.1874986,CityCenter,"PARANAÍBA, MS, Brazil"
BRASILAPI 37200000,,,BrasilAPI_None,
CITY_CENTER LAVRAS MG BRAZIL,-21.2425512,-44.9991978,CityCenter,"LAVRAS, MG, Brazil"
BRASILAPI 32280340,,,BrasilAPI,"Contagem,MG"
BRASILAPI 57052403,,,BrasilAPI,"Maceió,AL"
BRASILAPI 15040300,,,BrasilAPI,"São José do Rio Preto,SP"
BRASILAPI 27525598,,,BrasilAPI,"Resende,RJ"
CITY_CENTER RESENDE RJ BRAZIL,-22.4418699,-44.4204847,CityCenter,"RESENDE, RJ, Brazil"
BRASILAPI 58039010,,,BrasilAPI,"João Pessoa,PB"
BRASILAPI 44076405,,,BrasilAPI,"Feira de Santana,BA"
BRASILAPI 66060232,,,BrasilAPI,"Belém,PA"
BRASILAPI 57607280,,,BrasilAPI,"Palmeira dos Índios,AL"
BRASILAPI 78056022,,,BrasilAPI,"Cuiabá,MT"
BRASILAPI 78048482,,,BrasilAPI,"Cuiabá,MT"
BRASILAPI 49001377,,,BrasilAPI,"Aracaju,SE"
BRASILAPI 17048011,,,BrasilAPI,"Bauru,SP"
BRASILAPI 96203000,,,BrasilAPI,"Rio Grande,RS"
CITY_CENTER RIO GRANDE RS BRAZIL,-32.0334252,-52.0991297,CityCenter,"RIO GRANDE, RS, Brazil"
BRASILAPI 18076005,,,BrasilAPI,"Sorocaba,SP"
BRASILAPI 40050001,,,BrasilAPI,"Salvador,BA"
BRASILAPI 11776772,,,BrasilAPI,"Peruíbe,SP"
CITY_CENTER PERUÍBE SP BRAZIL,-24.3218105,-46.9977452,CityCenter,"PERUÍBE, SP, Brazil"
BRASILAPI 33230294,,,BrasilAPI,"Lagoa Santa,MG"
BRASILAPI 50050902,,,BrasilAPI,"Recife,PE"
BRASILAPI 65400000,,,BrasilAPI,"Codó,MA"
CITY_CENTER CODÓ MA BRAZIL,-4.455623,-43.892354,CityCenter,"CODÓ, MA, Brazil"
BRASILAPI 64053010,,,BrasilAPI,"Teresina,PI"
BRASILAPI 64045000,,,BrasilAPI,"Teresina,PI"
BRASILAPI 15200000,,,BrasilAPI,"José Bonifácio,SP"
CITY_CENTER JOSÉ BONIFÁCIO SP BRAZIL,-21.055062,-49.689233,CityCenter,"JOSÉ BONIFÁCIO, SP, Brazil"
BRASILAPI 77061002,,,BrasilAPI,"Palmas,TO"
BRASILAPI 42800311,,,BrasilAPI,"Camaçari,BA"
BRASILAPI 24451715,,,BrasilAPI,"São Gonçalo,RJ"
CITY_CENTER SÃO GONÇALO RJ BRAZIL,-22.821635,-42.9956797,CityCenter,"SÃO GONÇALO, RJ, Brazil"
BRASILAPI 88340206,,,BrasilAPI,"Camboriú,SC"
CITY_CENTER CAMBORIÚ SC BRAZIL,-27.0273601,-48.6535657,CityCenter,"CAMBORIÚ, SC, Brazil"
BRASILAPI 11666000,,,BrasilAPI,"Caraguatatuba,SP"
BRASILAPI 13140707,,,BrasilAPI,"Paulínia,SP"
BRASILAPI 78158034,,,BrasilAPI,"Várzea Grande,MT"
BRASILAPI 40295140,,,BrasilAPI,"Salvador,BA"
BRASILAPI 41940060,,,BrasilAPI,"Salvador,BA"
CITY_CENTER DELMIRO GOUVEIA AL BRAZIL,-9.3841161,-37.997756,CityCenter,"DELMIRO GOUVEIA, AL, Brazil"
BRASILAPI 13481773,,,BrasilAPI,"Limeira,SP"
CITY_CENTER LIMEIRA SP BRAZIL,-22.5615068,-47.401766,CityCenter,"LIMEIRA, SP, Brazil"
BRASILAPI 41680000,,,BrasilAPI,"Salvador,BA"
BRASILAPI 53240540,,,BrasilAPI,"Olinda,PE"
BRASILAPI 26210000,,,BrasilAPI,"Nova Iguaçu,RJ"
CITY_CENTER BALNEÁRIO CAMBORIÚ SC BRAZIL,-26.9924395,-48.6339782,CityCenter,"BALNEÁRIO CAMBORIÚ, SC, Brazil"
BRASILAPI 29146000,,,BrasilAPI,"Cariacica,ES"
BRASILAPI 29050945,,,BrasilAPI,"Vitória,ES"
BRASILAPI 56302290,,,BrasilAPI,"Petrolina,PE"
BRASILAPI 49032490,,,BrasilAPI,"Aracaju,SE"
BRASILAPI 17012202,,,BrasilAPI,"Bauru,SP"
BRASILAPI 52110005,,,BrasilAPI,"Recife,PE"
BRASILAPI 57317506,,,BrasilAPI,"Arapiraca,AL"
BRASILAPI 30140082,,,BrasilAPI,"Belo Horizonte,MG"
BRASILAPI 13208056,,,BrasilAPI,"Jundiaí,SP"
BRASILAPI 45058000,,,BrasilAPI,"Vitória da Conquista,BA"
BRASILAPI 60873830,,,BrasilAPI,"Fortaleza,CE"
BRASILAPI 58337000,,,BrasilAPI,"Cruz do Espírito Santo,PB"
CITY_CENTER CRUZ DO ESPÍRITO SANTO PB BRAZIL,-7.139022,-35.085721,CityCenter,"CRUZ DO ESPÍRITO SANTO, PB, Brazil"
BRASILAPI 13468890,,,BrasilAPI,"Americana,SP"
BRASILAPI 38700046,,,BrasilAPI,"Patos de Minas,MG"
CITY_CENTER PATOS DE MINAS MG BRAZIL,-18.6041453,-46.5096698,CityCenter,"PATOS DE MINAS, MG, Brazil"
BRASILAPI 60740000,,,BrasilAPI,"Fortaleza,CE"
BRASILAPI 96810408,,,BrasilAPI,"Santa Cruz do Sul,RS"
CITY_CENTER SANTA CRUZ DO SUL RS BRAZIL,-29.714209,-52.4285807,CityCenter,"SANTA CRUZ DO SUL, RS, Brazil"
BRASILAPI 65580000,,,BrasilAPI,"Tutóia,MA"
CITY_CENTER TUTÓIA MA BRAZIL,-2.761413,-42.275531,CityCenter,"TUTÓIA, MA, Brazil"
BRASILAPI 18162742,,,BrasilAPI,"Salto de Pirapora,SP"
CITY_CENTER SALTO DE PIRAPORA SP BRAZIL,-23.6492502,-47.5729465,CityCenter,"SALTO DE PIRAPORA, SP, Brazil"
BRASILAPI 18132295,,,BrasilAPI,"São Roque,SP"
BRASILAPI 58410185,,,BrasilAPI,"Campina Grande,PB"
BRASILAPI 37410001,,,BrasilAPI,"Três Corações,MG"
CITY_CENTER TRÊS CORAÇÕES MG BRAZIL,-21.695625,-45.2543675,CityCenter,"TRÊS CORAÇÕES, MG, Brazil"
BRASILAPI 50910380,,,BrasilAPI,"Recife,PE"
BRASILAPI 78730232,,,BrasilAPI,"Rondonópolis,MT"
BRASILAPI 55016035,,,BrasilAPI,"Caruaru,PE"
CITY_CENTER GUANAMBI BA BRAZIL,-14.223066,-42.779943,CityCenter,"GUANAMBI, BA, Brazil"
BRASILAPI 13720000,,,BrasilAPI,"São José do Rio Pardo,SP"
CITY_CENTER SÃO JOSÉ DO RIO PARDO SP BRAZIL,-21.595288,-46.887303,CityCenter,"SÃO JOSÉ DO RIO PARDO, SP, Brazil"
BRASILAPI 42710860,,,BrasilAPI,"Lauro de Freitas,BA"
BRASILAPI 41253190,,,BrasilAPI,"Salvador,BA"
BRASILAPI 68721000,,,BrasilAPI,"Salinópolis,PA"
CITY_CENTER SALINÓPOLIS PA BRAZIL,-0.6259282,-47.3442819,CityCenter,"SALINÓPOLIS, PA, Brazil"
BRASILAPI 68903193,,,BrasilAPI,"Macapá,AP"
CITY_CENTER MACAPÁ AP BRAZIL,0.0401529,-51.0569588,CityCenter,"MACAPÁ, AP, Brazil"
BRASILAPI 36300002,,,BrasilAPI,"São João Del Rei,MG"
CITY_CENTER SÃO JOÃO DEL REI MG BRAZIL,-21.1335755,-44.2588086,CityCenter,"SÃO JOÃO DEL REI, MG, Brazil"
BRASILAPI 38183244,,,BrasilAPI,"Araxá,MG"
CITY_CENTER ARAXÁ MG BRAZIL,-19.6009149,-46.940923,CityCenter,"ARAXÁ, MG, Brazil"
BRASILAPI 20551055,,,BrasilAPI,"Rio de Janeiro,RJ"
BRASILAPI 60191070,,,BrasilAPI,"Fortaleza,CE"
BRASILAPI 95520000,,,BrasilAPI,"Osório,RS"
CITY_CENTER OSÓRIO RS BRAZIL,-29.8890733,-50.2740498,CityCenter,"OSÓRIO, RS, Brazil"
CITY_CENTER PALHOÇA SC BRAZIL,-27.6447774,-48.6646323,CityCenter,"PALHOÇA, SC, Brazil"
BRASILAPI 93212220,,,BrasilAPI,"Sapucaia do Sul,RS"
CITY_CENTER SAPUCAIA DO SUL RS BRAZIL,-29.8197019,-51.1608722,CityCenter,"SAPUCAIA DO SUL, RS, Brazil"
BRASILAPI 89160000,,,BrasilAPI_None,
CITY_CENTER RIO DO SUL SC BRAZIL,-27.2162607,-49.643654,CityCenter,"RIO DO SUL, SC, Brazil"
BRASILAPI 37545000,,,BrasilAPI,"Cachoeira de Minas,MG"
CITY_CENTER CACHOEIRA DE MINAS MG BRAZIL,-22.3554043,-45.7796324,CityCenter,"CACHOEIRA DE MINAS, MG, Brazil"
BRASILAPI 40157250,,,BrasilAPI,"Salvador,BA"
BRASILAPI 40411380,,,BrasilAPI,"Salvador,BA"
CITY_CENTER PORANGATU GO BRAZIL,-13.444663,-49.1423569,CityCenter,"PORANGATU, GO, Brazil"
CITY_CENTER SUMARÉ SP BRAZIL,-22.8217964,-47.267105,CityCenter,"SUMARÉ, SP, Brazil"
BRASILAPI 66630280,,,BrasilAPI,"Belém,PA"
BRASILAPI 13087030,,,BrasilAPI,"Campinas,SP"
BRASILAPI 69911114,,,BrasilAPI,"Rio Branco,AC"
CITY_CENTER RIO BRANCO AC BRAZIL,-9.9765362,-67.8220778,CityCenter,"RIO BRANCO, AC, Brazil"
BRASILAPI 26050000,,,BrasilAPI,"Nova Iguaçu,RJ"
BRASILAPI 65110000,,,BrasilAPI,"São José de Ribamar,MA"
CITY_CENTER SÃO JOSÉ DE RIBAMAR MA BRAZIL,-2.5609115,-44.0559509,CityCenter,"SÃO JOSÉ DE RIBAMAR, MA, Brazil"
BRASILAPI 52070230,,,BrasilAPI,"Recife,PE"
BRASILAPI 69915266,,,BrasilAPI,"Rio Branco,AC"
BRASILAPI 67145470,,,BrasilAPI,"Ananindeua,PA"
BRASILAPI 22790877,,,BrasilAPI,"Rio de Janeiro,RJ"
BRASILAPI 23075006,,,BrasilAPI,"Rio de Janeiro,RJ"
BRASILAPI 22775113,,,BrasilAPI,"Rio de Janeiro,RJ"
BRASILAPI 25715131,,,BrasilAPI,"Petrópolis,RJ"
CITY_CENTER PETRÓPOLIS RJ BRAZIL,-22.3880004,-43.1752593,CityCenter,"PETRÓPOLIS, RJ, Brazil"
BRASILAPI 78098350,,,BrasilAPI,"Cuiabá,MT"
CITY_CENTER BARCARENA PA BRAZIL,-1.5107945,-48.6190679,CityCenter,"BARCARENA, PA, Brazil"
CITY_CENTER VALPARAÍSO DE GOIÁS GO BRAZIL,-16.0686394,-47.9764907,CityCenter,"VALPARAÍSO DE GOIÁS, GO, Brazil"
CITY_CENTER ARAGUARI MG BRAZIL,-18.6511256,-48.1933764,CityCenter,"ARAGUARI, MG, Brazil"
BRASILAPI 66820020,,,BrasilAPI,"Belém,PA"
BRASILAPI 66645095,,,BrasilAPI,"Belém,PA"
CITY_CENTER SÃO FELIPE BA BRAZIL,-12.8413439,-39.0942048,CityCenter,"SÃO FELIPE, BA, Brazil"
CITY_CENTER CATU BA BRAZIL,-12.351274,-38.379108,CityCenter,"CATU, BA, Brazil"
BRASILAPI 35534000,,,BrasilAPI,"Carmópolis de Minas,MG"
CITY_CENTER CARMÓPOLIS DE MINAS MG BRAZIL,-20.541224,-44.6350611,CityCenter,"CARMÓPOLIS DE MINAS, MG, Brazil"
BRASILAPI 59550000,,,BrasilAPI,"João Câmara,RN"
CITY_CENTER JOÃO CÂMARA RN BRAZIL,-5.5349637,-35.8150811,CityCenter,"JOÃO CÂMARA, RN, Brazil"
BRASILAPI 54735240,,,BrasilAPI,"São Lourenço da Mata,PE"
CITY_CENTER SÃO LOURENÇO DA MATA PE BRAZIL,-7.9959607,-35.039335,CityCenter,"SÃO LOURENÇO DA MATA, PE, Brazil"
BRASILAPI 21235528,,,BrasilAPI,"Rio de Janeiro,RJ"
BRASILAPI 30170020,,,BrasilAPI,"Belo Horizonte,MG"
BRASILAPI 57210000,,,BrasilAPI,"Piaçabuçu,AL"
CITY_CENTER PIAÇABUÇU AL BRAZIL,-10.4066897,-36.433654,CityCenter,"PIAÇABUÇU, AL, Brazil"
BRASILAPI 59164000,,,BrasilAPI,"Nísia Floresta,RN"
CITY_CENTER NÍSIA FLORESTA RN BRAZIL,-6.0902674,-35.2085026,CityCenter,"NÍSIA FLORESTA, RN, Brazil"
BRASILAPI 48005170,,,BrasilAPI,"Alagoinhas,BA"
CITY_CENTER ALAGOINHAS BA BRAZIL,-12.133526,-38.420772,CityCenter,"ALAGOINHAS, BA, Brazil"
BRASILAPI 79200000,,,BrasilAPI,"Aquidauana,MS"
CITY_CENTER AQUIDAUANA MS BRAZIL,-20.473969,-55.7821375,CityCenter,"AQUIDAUANA, MS, Brazil"
CITY_CENTER PAULO RAMOS MA BRAZIL,-4.4491095,-45.2420345,CityCenter,"PAULO RAMOS, MA, Brazil"
CITY_CENTER ITAPECERICA MG BRAZIL,-20.472778,-45.125556,CityCenter,"ITAPECERICA, MG, Brazil"
CITY_CENTER CRUZ DAS ALMAS BA BRAZIL,-12.6722649,-39.1053665,CityCenter,"CRUZ DAS ALMAS, BA, Brazil"
CITY_CENTER ESPLANADA BA BRAZIL,-11.800614,-37.9453,CityCenter,"ESPLANADA, BA, Brazil"
BRASILAPI 43900000,,,BrasilAPI,"São Francisco do Conde,BA"
CITY_CENTER SÃO FRANCISCO DO CONDE BA BRAZIL,-12.628108,-38.6811326,CityCenter,"SÃO FRANCISCO DO CONDE, BA, Brazil"
BRASILAPI 39735000,,,BrasilAPI,"Divinolândia de Minas,MG"
CITY_CENTER DIVINOLÂNDIA DE MINAS MG BRAZIL,-18.8021453,-42.6153788,CityCenter,"DIVINOLÂNDIA DE MINAS, MG, Brazil"
BRASILAPI 72445070,,,BrasilAPI,"Brasília,DF"
BRASILAPI 68508445,,,BrasilAPI,"Marabá,PA"
CITY_CENTER MARABÁ PA BRAZIL,-5.3462821,-49.1007401,CityCenter,"MARABÁ, PA, Brazil"
BRASILAPI 60874401,,,BrasilAPI,"Fortaleza,CE"
BRASILAPI 88160164,,,BrasilAPI,"Biguaçu,SC"
CITY_CENTER BIGUAÇU SC BRAZIL,-27.4961277,-48.6542432,CityCenter,"BIGUAÇU, SC, Brazil"
BRASILAPI 24900105,,,BrasilAPI,"Maricá,RJ"
CITY_CENTER MARICÁ RJ BRAZIL,-22.9088759,-42.8171914,CityCenter,"MARICÁ, RJ, Brazil"
BRASILAPI 41830492,,,BrasilAPI,"Salvador,BA"
BRASILAPI 40050100,,,BrasilAPI,"Salvador,BA"
BRASILAPI 40411370,,,BrasilAPI,"Salvador,BA"
BRASILAPI 41760000,,,BrasilAPI,"Salvador,BA"
BRASILAPI 41275490,,,BrasilAPI,"Salvador,BA"
BRASILAPI 40411002,,,BrasilAPI,"Salvador,BA"
BRASILAPI 41810010,,,BrasilAPI,"Salvador,BA"
BRASILAPI 41650020,,,BrasilAPI,"Salvador,BA"
BRASILAPI 41820340,,,BrasilAPI,"Salvador,BA"
BRASILAPI 39390000,,,BrasilAPI,"Bocaiúva,MG"
CITY_CENTER BOCAIUVA MG BRAZIL,-17.1160208,-43.8122678,CityCenter,"BOCAIUVA, MG, Brazil"
BRASILAPI 41233010,,,BrasilAPI,"Salvador,BA"
BRASILAPI 58038080,,,BrasilAPI,"João Pessoa,PB"
CITY_CENTER NAZARÉ BA BRAZIL,-13.0345586,-39.0062515,CityCenter,"NAZARÉ, BA, Brazil"
BRASILAPI 41750110,,,BrasilAPI,"Salvador,BA"
BRASILAPI 40296320,,,BrasilAPI,"Salvador,BA"
BRASILAPI 40730240,,,BrasilAPI,"Salvador,BA"
BRASILAPI 60410426,,,BrasilAPI,"Fortaleza,CE"
BRASILAPI 40270370,,,BrasilAPI,"Salvador,BA"
BRASILAPI 30330230,,,BrasilAPI,"Belo Horizonte,MG"
BRASILAPI 41940330,,,BrasilAPI,"Salvador,BA"
BRASILAPI 41750010,,,BrasilAPI,"Salvador,BA"
BRASILAPI 41830020,,,BrasilAPI,"Salvador,BA"
CITY_CENTER EUCLIDES DA CUNHA BA BRAZIL,-10.5068008,-39.0165817,CityCenter,"EUCLIDES DA CUNHA, BA, Brazil"
BRASILAPI 41298200,,,BrasilAPI,"Salvador,BA"
BRASILAPI 59162000,,,BrasilAPI,"São José de Mipibu,RN"
CITY_CENTER SÃO JOSÉ DE MIPIBU RN BRAZIL,-6.0746867,-35.2370184,CityCenter,"SÃO JOSÉ DE MIPIBU, RN, Brazil"
BRASILAPI 41760170,,,BrasilAPI,"Salvador,BA"
BRASILAPI 40430000,,,BrasilAPI,"Salvador,BA"
BRASILAPI 60440131,,,BrasilAPI,"Fortaleza,CE"
BRASILAPI 41830450,,,BrasilAPI,"Salvador,BA"
BRASILAPI 58806410,,,BrasilAPI,"Sousa,PB"
BRASILAPI 41830181,,,BrasilAPI,"Salvador,BA"
BRASILAPI 40230680,,,BrasilAPI,"Salvador,BA"
BRASILAPI 41815370,,,BrasilAPI,"Salvador,BA"
BRASILAPI 41740380,,,BrasilAPI,"Salvador,BA"
BRASILAPI 40285885,,,BrasilAPI,"Salvador,BA"
BRASILAPI 40296700,,,BrasilAPI,"Salvador,BA"
BRASILAPI 79002353,,,BrasilAPI,"Campo Grande,MS"
BRASILAPI 94185160,,,BrasilAPI,"Gravataí,RS"
CITY_CENTER GRAVATAÍ RS BRAZIL,-29.9440222,-50.9930938,CityCenter,"GRAVATAÍ, RS, Brazil"
BRASILAPI 27580000,,,BrasilAPI,"Itatiaia,RJ"
CITY_CENTER ITATIAIA RJ BRAZIL,-22.4955278,-44.5633108,CityCenter,"ITATIAIA, RJ, Brazil"
BRASILAPI 13212390,,,BrasilAPI,"Jundiaí,SP"
BRASILAPI 89202250,,,BrasilAPI,"Joinville,SC"
CITY_CENTER JOINVILLE SC BRAZIL,-26.3044898,-48.8486726,CityCenter,"JOINVILLE, SC, Brazil"
BRASILAPI 79092070,,,BrasilAPI,"Campo Grande,MS"
BRASILAPI 86800110,,,BrasilAPI,"Apucarana,PR"
CITY_CENTER APUCARANA PR BRAZIL,-23.5525327,-51.4610764,CityCenter,"APUCARANA, PR, Brazil"
BRASILAPI 44091238,,,BrasilAPI,"Feira de Santana,BA"
BRASILAPI 19023350,,,BrasilAPI,"Presidente Prudente,SP"
BRASILAPI 40301110,,,BrasilAPI,"Salvador,BA"
BRASILAPI 55293310,,,BrasilAPI,"Garanhuns,PE"
CITY_CENTER GARANHUNS PE BRAZIL,-8.8905889,-36.4930896,CityCenter,"GARANHUNS, PE, Brazil"
BRASILAPI 58059122,,,BrasilAPI,"João Pessoa,PB"
BRASILAPI 59037700,,,BrasilAPI,"Natal,RN"
CITY_CENTER SANTOS SP BRAZIL,-23.9335988,-46.3286399,CityCenter,"SANTOS, SP, Brazil"
BRASILAPI 58036450,,,BrasilAPI,"João Pessoa,PB"
BRASILAPI 42827970,,,BrasilAPI,"Camaçari,BA"
BRASILAPI 35450000,,,BrasilAPI_None,
CITY_CENTER ITABIRITO MG BRAZIL,-20.2519724,-43.8029171,CityCenter,"ITABIRITO, MG, Brazil"
BRASILAPI 65901020,,,BrasilAPI,"Imperatriz,MA"
BRASILAPI 55012075,,,BrasilAPI,"Caruaru,PE"
BRASILAPI 36010003,,,BrasilAPI,"Juiz de Fora,MG"
CITY_CENTER JUIZ DE FORA MG BRAZIL,-21.7609533,-43.3501129,CityCenter,"JUIZ DE FORA, MG, Brazil"
CITY_CENTER HORIZONTE CE BRAZIL,-4.0964618,-38.4965574,CityCenter,"HORIZONTE, CE, Brazil"
BRASILAPI 17056170,,,BrasilAPI,"Bauru,SP"
BRASILAPI 41290200,,,BrasilAPI,"Salvador,BA"
BRASILAPI 35702153,,,BrasilAPI,"Sete Lagoas,MG"
CITY_CENTER SETE LAGOAS MG BRAZIL,-19.466111,-44.246944,CityCenter,"SETE LAGOAS, MG, Brazil"
BRASILAPI 35460000,,,BrasilAPI,"Brumadinho,MG"
CITY_CENTER BRUMADINHO MG BRAZIL,-20.143611,-44.2,CityCenter,"BRUMADINHO, MG, Brazil"
BRASILAPI 13201005,,,BrasilAPI,"Jundiaí,SP"
BRASILAPI 57300340,,,BrasilAPI,"Arapiraca,AL"
BRASILAPI 74393480,,,BrasilAPI,"Goiânia,GO"
BRASILAPI 79022210,,,BrasilAPI,"Campo Grande,MS"
BRASILAPI 44001400,,,BrasilAPI,"Feira de Santana,BA"
CITY_CENTER NOVO HAMBURGO RS BRAZIL,-29.6905705,-51.1429035,CityCenter,"NOVO HAMBURGO, RS, Brazil"
CITY_CENTER RESSAQUINHA MG BRAZIL,-21.063056,-43.762778,CityCenter,"RESSAQUINHA, MG, Brazil"
BRASILAPI 41510000,,,BrasilAPI,"Salvador,BA"
BRASILAPI 94450000,,,BrasilAPI,"Viamão,RS"
CITY_CENTER VIAMÃO RS BRAZIL,-30.0819338,-51.0261927,CityCenter,"VIAMÃO, RS, Brazil"
CITY_CENTER CANDEIAS BA BRAZIL,-12.6693806,-38.5406462,CityCenter,"CANDEIAS, BA, Brazil"
CITY_CENTER ESCADA PE BRAZIL,-8.3623847,-35.2366232,CityCenter,"ESCADA, PE, Brazil"
BRASILAPI 60842395,,,BrasilAPI,"Fortaleza,CE"
CITY_CENTER PARAÍSO DO TOCANTINS TO BRAZIL,-10.1752474,-48.886759,CityCenter,"PARAÍSO DO TOCANTINS, TO, Brazil"
CITY_CENTER MORENO PE BRAZIL,-8.108706,-35.08354,CityCenter,"MORENO, PE, Brazil"
CITY_CENTER ARARIPINA PE BRAZIL,-7.5768582,-40.5038509,CityCenter,"ARARIPINA, PE, Brazil"
CITY_CENTER FLORIANÓPOLIS SC BRAZIL,-27.5973002,-48.5496098,CityCenter,"FLORIANÓPOLIS, SC, Brazil"
BRASILAPI 42810000,,,BrasilAPI,"Camaçari,BA"
BRASILAPI 59064000,,,BrasilAPI,"Natal,RN"
CITY_CENTER SÃO BENTO MA BRAZIL,-2.6999089,-44.8331254,CityCenter,"SÃO BENTO, MA, Brazil"
BRASILAPI 27971130,,,BrasilAPI_None,
BRASILAPI 66820000,,,BrasilAPI,"Belém,PA"
BRASILAPI 66811000,,,BrasilAPI,"Belém,PA"
CITY_CENTER ITAPARICA BA BRAZIL,-12.8936023,-38.6798141,CityCenter,"ITAPARICA, BA, Brazil"
BRASILAPI 41820020,,,BrasilAPI,"Salvador,BA"
BRASILAPI 41505220,,,BrasilAPI,"Salvador,BA"
BRASILAPI 65760000,,,BrasilAPI,"Presidente Dutra,MA"
CITY_CENTER PRESIDENTE DUTRA MA BRAZIL,-5.289801,-44.49498,CityCenter,"PRESIDENTE DUTRA, MA, Brazil"
BRASILAPI 64804140,,,BrasilAPI,"Floriano,PI"
CITY_CENTER FLORIANO PI BRAZIL,-6.7675739,-43.022261,CityCenter,"FLORIANO, PI, Brazil"
CITY_CENTER ESTREITO MA BRAZIL,-6.5583016,-47.4432212,CityCenter,"ESTREITO, MA, Brazil"
CITY_CENTER RIO LARGO AL BRAZIL,-9.477829,-35.839435,CityCenter,"RIO LARGO, AL, Brazil"
BRASILAPI 88110820,,,BrasilAPI,"São José,SC"
CITY_CENTER SÃO JOSÉ SC BRAZIL,-27.6157733,-48.6276491,CityCenter,"SÃO JOSÉ, SC, Brazil"
CITY_CENTER GOIANA PE BRAZIL,-7.560603,-34.99591,CityCenter,"GOIANA, PE, Brazil"
BRASILAPI 55470000,,,BrasilAPI,"Panelas,PE"
CITY_CENTER PANELAS PE BRAZIL,-8.661211,-36.012539,CityCenter,"PANELAS, PE, Brazil"
BRASILAPI 81690400,,,BrasilAPI,"Curitiba,PR"
CITY_CENTER COLINAS MA BRAZIL,-6.0332631,-44.2528542,CityCenter,"COLINAS, MA, Brazil"
BRASILAPI 13010081,,,BrasilAPI,"Campinas,SP"
CITY_CENTER CAUCAIA CE BRAZIL,-3.7300563,-38.6593082,CityCenter,"CAUCAIA, CE, Brazil"
CITY_CENTER CHAPADINHA MA BRAZIL,-3.7416803,-43.3548006,CityCenter,"CHAPADINHA, MA, Brazil"
CITY_CENTER ALTOS PI BRAZIL,-5.0393915,-42.4611694,CityCenter,"ALTOS, PI, Brazil"
BRASILAPI 58108502,,,BrasilAPI,"Cabedelo,PB"
BRASILAPI 54220520,,,BrasilAPI,"Jaboatão dos Guararapes,PE"
BRASILAPI 49158622,,,BrasilAPI,"Nossa Senhora do Socorro,SE"
BRASILAPI 29135008,,,BrasilAPI,"Viana,ES"
CITY_CENTER VIANA ES BRAZIL,-20.3914471,-40.4966587,CityCenter,"VIANA, ES, Brazil"
BRASILAPI 67030007,,,BrasilAPI,"Ananindeua,PA"
BRASILAPI 67200000,,,BrasilAPI_None,
CITY_CENTER MARITUBA PA BRAZIL,-1.3595306,-48.3361504,CityCenter,"MARITUBA, PA, Brazil"
CITY_CENTER BACABAL MA BRAZIL,-4.2318132,-44.781167,CityCenter,"BACABAL, MA, Brazil"
BRASILAPI 65365000,,,BrasilAPI,"Zé Doca,MA"
CITY_CENTER ZÉ DOCA MA BRAZIL,-3.270145,-45.655344,CityCenter,"ZÉ DOCA, MA, Brazil"
BRASILAPI 41233030,,,BrasilAPI,"Salvador,BA"
BRASILAPI 32241410,,,BrasilAPI,"Contagem,MG"
BRASILAPI 45807000,,,BrasilAPI,"Santa Cruz Cabrália,BA"
CITY_CENTER SANTA CRUZ CABRÁLIA BA BRAZIL,-16.2783928,-39.0224899,CityCenter,"SANTA CRUZ CABRÁLIA, BA, Brazil"
BRASILAPI 65150000,,,BrasilAPI,"Rosário,MA"
CITY_CENTER ROSÁRIO MA BRAZIL,-2.9405903,-44.2491088,CityCenter,"ROSÁRIO, MA, Brazil"
BRASILAPI 48030000,,,BrasilAPI,"Alagoinhas,BA"
BRASILAPI 62670000,,,BrasilAPI,"São Gonçalo do Amarante,CE"
BRASILAPI 68440000,,,BrasilAPI,"Abaetetuba,PA"
CITY_CENTER ABAETETUBA PA BRAZIL,-1.7217787,-48.8788106,CityCenter,"ABAETETUBA, PA, Brazil"
CITY_CENTER ITAPEVI SP BRAZIL,-23.54888,-46.933889,CityCenter,"ITAPEVI, SP, Brazil"
BRASILAPI 29164140,,,BrasilAPI,"Serra,ES"
CITY_CENTER VIANA MA BRAZIL,-3.2099341,-45.0002456,CityCenter,"VIANA, MA, Brazil"
CITY_CENTER COROATÁ MA BRAZIL,-4.1282283,-44.1360269,CityCenter,"COROATÁ, MA, Brazil"
CITY_CENTER SANTA HELENA MA BRAZIL,-2.234387,-45.3002279,CityCenter,"SANTA HELENA, MA, Brazil"
BRASILAPI 66650000,,,BrasilAPI,"Belém,PA"
CITY_CENTER BARRA DO BUGRES MT BRAZIL,-15.0683712,-57.1853688,CityCenter,"BARRA DO BUGRES, MT, Brazil"
BRASILAPI 68680000,,,BrasilAPI,"Tomé-Açu,PA"
CITY_CENTER TOMÉ AÇU PA BRAZIL,-2.4166306,-48.1522907,CityCenter,"TOMÉ-AÇU, PA, Brazil"
CITY_CENTER TAILÂNDIA PA BRAZIL,-2.936096,-48.9523366,CityCenter,"TAILÂNDIA, PA, Brazil"
BRASILAPI 68515000,,,BrasilAPI,"Parauapebas,PA"
CITY_CENTER PARAUAPEBAS PA BRAZIL,-6.0696846,-49.8903283,CityCenter,"PARAUAPEBAS, PA, Brazil"
BRASILAPI 89052381,,,BrasilAPI,"Blumenau,SC"
CITY_CENTER BLUMENAU SC BRAZIL,-26.9195567,-49.0658025,CityCenter,"BLUMENAU, SC, Brazil"
CITY_CENTER VITÓRIA DE SANTO ANTÃO PE BRAZIL,-8.1209019,-35.2944858,CityCenter,"VITÓRIA DE SANTO ANTÃO, PE, Brazil"
BRASILAPI 54518901,,,BrasilAPI,"Cabo de Santo Agostinho,PE"
CITY_CENTER CABO DE SANTO AGOSTINHO PE BRAZIL,-8.2838945,-35.0320984,CityCenter,"CABO DE SANTO AGOSTINHO, PE, Brazil"
CITY_CENTER FRANCO DA ROCHA SP BRAZIL,-23.3328038,-46.724446,CityCenter,"FRANCO DA ROCHA, SP, Brazil"
BRASILAPI 25515230,,,BrasilAPI,"São João de Meriti,RJ"
CITY_CENTER SÃO JOÃO DE MERITI RJ BRAZIL,-22.7853575,-43.366715,CityCenter,"SÃO JOÃO DE MERITI, RJ, Brazil"
CITY_CENTER TABOÃO DA SERRA SP BRAZIL,-23.6121912,-46.7790539,CityCenter,"TABOÃO DA SERRA, SP, Brazil"
BRASILAPI 28940090,,,BrasilAPI,"São Pedro da Aldeia,RJ"
CITY_CENTER SÃO PEDRO DA ALDEIA RJ BRAZIL,-22.8384835,-42.1031604,CityCenter,"SÃO PEDRO DA ALDEIA, RJ, Brazil"
CITY_CENTER MARATAÍZES ES BRAZIL,-21.0443673,-40.8272204,CityCenter,"MARATAÍZES, ES, Brazil"
CITY_CENTER COTIA SP BRAZIL,-23.603889,-46.918889,CityCenter,"COTIA, SP, Brazil"
BRASILAPI 25230005,,,BrasilAPI,"Duque de Caxias,RJ"
BRASILAPI 57230000,,,BrasilAPI,"Coruripe,AL"
CITY_CENTER CORURIPE AL BRAZIL,-10.1249963,-36.1760623,CityCenter,"CORURIPE, AL, Brazil"
BRASILAPI 65054650,,,BrasilAPI,"São Luís,MA"
BRASILAPI 77826584,,,BrasilAPI,"Araguaína,TO"
BRASILAPI 69900205,,,BrasilAPI,"Rio Branco,AC"
BRASILAPI 71940540,,,BrasilAPI,"Brasília,DF"
BRASILAPI 74805180,,,BrasilAPI,"Goiânia,GO"
BRASILAPI 74810340,,,BrasilAPI,"Goiânia,GO"
BRASILAPI 29168085,,,BrasilAPI,"Serra,ES"
BRASILAPI 68460034,,,BrasilAPI,"Tucuruí,PA"
CITY_CENTER TUCURUÍ PA BRAZIL,-3.766334,-49.6663654,CityCenter,"TUCURUÍ, PA, Brazil"
BRASILAPI 14055660,,,BrasilAPI,"Ribeirão Preto,SP"
BRASILAPI 26255330,,,BrasilAPI,"Nova Iguaçu,RJ"
BRASILAPI 29156970,,,BrasilAPI,"Cariacica,ES"
BRASILAPI 29092105,,,BrasilAPI,"Vitória,ES"
BRASILAPI 65917010,,,BrasilAPI,"Imperatriz,MA"
BRASILAPI 80530300,,,BrasilAPI,"Curitiba,PR"
BRASILAPI 83045060,,,BrasilAPI,"São José dos Pinhais,PR"
BRASILAPI 79118370,,,BrasilAPI,"Campo Grande,MS"
BRASILAPI 60510072,,,BrasilAPI,"Fortaleza,CE"
CITY_CENTER CONCEIÇÃO DO COITÉ BA BRAZIL,-11.5629384,-39.2839543,CityCenter,"CONCEIÇÃO DO COITÉ, BA, Brazil"
BRASILAPI 41830380,,,BrasilAPI,"Salvador,BA"
BRASILAPI 32010030,,,BrasilAPI,"Contagem,MG"
BRASILAPI 60865030,,,BrasilAPI,"Fortaleza,CE"
BRASILAPI 40230106,,,BrasilAPI,"Salvador,BA"
BRASILAPI 16800000,,,BrasilAPI,"Mirandópolis,SP"
CITY_CENTER MIRANDÓPOLIS SP BRAZIL,-21.1328313,-51.1029422,CityCenter,"MIRANDÓPOLIS, SP, Brazil"
BRASILAPI 51020240,,,BrasilAPI,"Recife,PE"
BRASILAPI 13092588,,,BrasilAPI,"Campinas,SP"
BRASILAPI 35488000,,,BrasilAPI,"Itaguara,MG"
CITY_CENTER ITAGUARA MG BRAZIL,-20.391389,-44.488055,CityCenter,"ITAGUARA, MG, Brazil"
BRASILAPI 18160000,,,BrasilAPI,"Salto de Pirapora,SP"
BRASILAPI 36085050,,,BrasilAPI,"Juiz de Fora,MG"
BRASILAPI 11250003,,,BrasilAPI,"Bertioga,SP"
CITY_CENTER BERTIOGA SP BRAZIL,-23.848568,-46.139586,CityCenter,"BERTIOGA, SP, Brazil"
BRASILAPI 41815210,,,BrasilAPI,"Salvador,BA"
BRASILAPI 68458100,,,BrasilAPI,"Tucuruí,PA"
BRASILAPI 25802315,,,BrasilAPI,"Três Rios,RJ"
CITY_CENTER TRÊS RIOS RJ BRAZIL,-22.1201732,-43.1072134,CityCenter,"TRÊS RIOS, RJ, Brazil"
BRASILAPI 40150270,,,BrasilAPI,"Salvador,BA"
BRASILAPI 78005300,,,BrasilAPI,"Cuiabá,MT"
BRASILAPI 51030300,,,BrasilAPI,"Recife,PE"
BRASILAPI 60025062,,,BrasilAPI,"Fortaleza,CE"
BRASILAPI 41615000,,,BrasilAPI,"Salvador,BA"
BRASILAPI 30285010,,,BrasilAPI,"Belo Horizonte,MG"
BRASILAPI 35660630,,,BrasilAPI,"Pará de Minas,MG"
BRASILAPI 50070415,,,BrasilAPI,"Recife,PE"
CITY_CENTER MOJU PA BRAZIL,-1.889926,-48.766765,CityCenter,"MOJU, PA, Brazil"
BRASILAPI 79006560,,,BrasilAPI,"Campo Grande,MS"
BRASILAPI 74960180,,,BrasilAPI,"Aparecida de Goiânia,GO"
BRASILAPI 41740010,,,BrasilAPI,"Salvador,BA"
BRASILAPI 50751070,,,BrasilAPI,"Recife,PE"
BRASILAPI 11040191,,,BrasilAPI,"Santos,SP"
BRASILAPI 61939070,,,BrasilAPI,"Maracanaú,CE"
BRASILAPI 13206900,,,BrasilAPI,"Jundiaí,SP"
BRASILAPI 57041000,,,BrasilAPI,"Maceió,AL"
BRASILAPI 57500000,,,BrasilAPI,"Santana do Ipanema,AL"
CITY_CENTER SANTANA DO IPANEMA AL BRAZIL,-9.369989,-37.248018,CityCenter,"SANTANA DO IPANEMA, AL, Brazil"
BRASILAPI 40330200,,,BrasilAPI,"Salvador,BA"
BRASILAPI 18550000,,,BrasilAPI_None,
CITY_CENTER BOITUVA SP BRAZIL,-23.2838893,-47.6738231,CityCenter,"BOITUVA, SP, Brazil"
BRASILAPI 88830000,,,BrasilAPI,"Morro da Fumaça,SC"
CITY_CENTER MORRO DA FUMAÇA SC BRAZIL,-28.6522275,-49.2133979,CityCenter,"MORRO DA FUMAÇA, SC, Brazil"
CITY_CENTER LAGO DA PEDRA MA BRAZIL,-4.5627272,-45.1298628,CityCenter,"LAGO DA PEDRA, MA, Brazil"
BRASILAPI 30411213,,,BrasilAPI,"Belo Horizonte,MG"
BRASILAPI 78058610,,,BrasilAPI,"Cuiabá,MT"
BRASILAPI 76812241,,,BrasilAPI,"Porto Velho,RO"
BRASILAPI 41650195,,,BrasilAPI,"Salvador,BA"
BRASILAPI 43850000,,,BrasilAPI,"São Sebastião do Passé,BA"
CITY_CENTER SÃO SEBASTIÃO DO PASSÉ BA BRAZIL,-12.5177926,-38.4921566,CityCenter,"SÃO SEBASTIÃO DO PASSÉ, BA, Brazil"
BRASILAPI 76812090,,,BrasilAPI,"Porto Velho,RO"
BRASILAPI 79013220,,,BrasilAPI,"Campo Grande,MS"
CITY_CENTER RIO DAS OSTRAS RJ BRAZIL,-22.5269448,-41.944972,CityCenter,"RIO DAS OSTRAS, RJ, Brazil"
BRASILAPI 65393000,,,BrasilAPI,"Buriticupu,MA"
CITY_CENTER BURITICUPU MA BRAZIL,-4.3227472,-46.4516989,CityCenter,"BURITICUPU, MA, Brazil"
BRASILAPI 22775055,,,BrasilAPI,"Rio de Janeiro,RJ"
BRASILAPI 78850000,,,BrasilAPI,"Primavera do Leste,MT"
CITY_CENTER PRIMAVERA DO LESTE MT BRAZIL,-15.5614127,-54.2993946,CityCenter,"PRIMAVERA DO LESTE, MT, Brazil"
BRASILAPI 40295090,,,BrasilAPI,"Salvador,BA"
BRASILAPI 41230070,,,BrasilAPI,"Salvador,BA"
BRASILAPI 30220000,,,BrasilAPI,"Belo Horizonte,MG"
BRASILAPI 58700010,,,BrasilAPI,"Patos,PB"
CITY_CENTER PATOS PB BRAZIL,-7.0258285,-37.2766817,CityCenter,"PATOS, PB, Brazil"
BRASILAPI 29931410,,,BrasilAPI,"São Mateus,ES"
CITY_CENTER SÃO MATEUS ES BRAZIL,-18.7146049,-39.8539499,CityCenter,"SÃO MATEUS, ES, Brazil"
BRASILAPI 21310120,,,BrasilAPI,"Rio de Janeiro,RJ"
BRASILAPI 62685000,,,BrasilAPI,"Paraipaba,CE"
CITY_CENTER PARAIPABA CE BRAZIL,-3.437987,-39.147868,CityCenter,"PARAIPABA, CE, Brazil"
BRASILAPI 30140063,,,BrasilAPI,"Belo Horizonte,MG"
BRASILAPI 35680000,,,BrasilAPI,"Itaúna,MG"
BRASILAPI 15372130,,,BrasilAPI,"Pereira Barreto,SP"
CITY_CENTER PEREIRA BARRETO SP BRAZIL,-20.6378509,-51.1052172,CityCenter,"PEREIRA BARRETO, SP, Brazil"
BRASILAPI 55296000,,,BrasilAPI,"Garanhuns,PE"
BRASILAPI 31060250,,,BrasilAPI,"Belo Horizonte,MG"
CITY_CENTER SERRINHA BA BRAZIL,-11.66199,-39.0034021,CityCenter,"SERRINHA, BA, Brazil"
CITY_CENTER SANTO ANTÔNIO RN BRAZIL,-6.3124831,-35.4815907,CityCenter,"SANTO ANTÔNIO, RN, Brazil"
CITY_CENTER BRUSQUE SC BRAZIL,-27.0964628,-48.9136323,CityCenter,"BRUSQUE, SC, Brazil"
BRASILAPI 88301000,,,BrasilAPI,"Itajaí,SC"
CITY_CENTER INHAMBUPE BA BRAZIL,-11.7921718,-38.3596957,CityCenter,"INHAMBUPE, BA, Brazil"
BRASILAPI 65036240,,,BrasilAPI,"São Luís,MA"
BRASILAPI 88095500,,,BrasilAPI,"Florianópolis,SC"
BRASILAPI 41680113,,,BrasilAPI,"Salvador,BA"
BRASILAPI 18606730,,,BrasilAPI,"Botucatu,SP"
CITY_CENTER BOTUCATU SP BRAZIL,-22.8879628,-48.4410712,CityCenter,"BOTUCATU, SP, Brazil"
BRASILAPI 14090218,,,BrasilAPI,"Ribeirão Preto,SP"
BRASILAPI 44245000,,,BrasilAPI,"Conceição do Jacuípe,BA"
CITY_CENTER CONCEIÇÃO DO JACUÍPE BA BRAZIL,-12.326831,-38.768433,CityCenter,"CONCEIÇÃO DO JACUÍPE, BA, Brazil"
BRASILAPI 68625240,,,BrasilAPI,"Paragominas,PA"
BRASILAPI 69316002,,,BrasilAPI,"Boa Vista,RR"
BRASILAPI 57036560,,,BrasilAPI,"Maceió,AL"
BRASILAPI 79075820,,,BrasilAPI,"Campo Grande,MS"
BRASILAPI 14870370,,,BrasilAPI,"Jaboticabal,SP"
CITY_CENTER JABOTICABAL SP BRAZIL,-21.252037,-48.325223,CityCenter,"JABOTICABAL, SP, Brazil"
BRASILAPI 58057100,,,BrasilAPI,"João Pessoa,PB"
BRASILAPI 81460130,,,BrasilAPI,"Curitiba,PR"
BRASILAPI 58275000,,,BrasilAPI,"Itapororoca,PB"
CITY_CENTER ITAPOROROCA PB BRAZIL,-6.8283007,-35.244782,CityCenter,"ITAPOROROCA, PB, Brazil"
BRASILAPI 74080010,,,BrasilAPI,"Goiânia,GO"
BRASILAPI 41320100,,,BrasilAPI,"Salvador,BA"
BRASILAPI 55006360,,,BrasilAPI,"Caruaru,PE"
BRASILAPI 22280003,,,BrasilAPI,"Rio de Janeiro,RJ"
BRASILAPI 22280005,,,BrasilAPI,"Rio de Janeiro,RJ"
BRASILAPI 44001120,,,BrasilAPI,"Feira de Santana,BA"
CITY_CENTER LAGES SC BRAZIL,-27.8165664,-50.325883,CityCenter,"LAGES, SC, Brazil"
CITY_CENTER ÁGUA BRANCA AL BRAZIL,-9.2613606,-37.9361053,CityCenter,"ÁGUA BRANCA, AL, Brazil"
BRASILAPI 29200180,,,BrasilAPI,"Guarapari,ES"
CITY_CENTER GUARAPARI ES BRAZIL,-20.6718755,-40.4984617,CityCenter,"GUARAPARI, ES, Brazil"
BRASILAPI 42800099,,,BrasilAPI,"Camaçari,BA"
CITY_CENTER CAPANEMA PA BRAZIL,-1.1933054,-47.1828679,CityCenter,"CAPANEMA, PA, Brazil"
BRASILAPI 56000000,,,BrasilAPI,"Salgueiro,PE"
CITY_CENTER SALGUEIRO PE BRAZIL,-8.0726731,-39.1269719,CityCenter,"SALGUEIRO, PE, Brazil"
BRASILAPI 79014030,,,BrasilAPI,"Campo Grande,MS"
CITY_CENTER JUQUITIBA SP BRAZIL,-23.932346,-47.0714217,CityCenter,"JUQUITIBA, SP, Brazil"
BRASILAPI 62700000,,,BrasilAPI,"Canindé,CE"
CITY_CENTER CANINDÉ CE BRAZIL,-4.3547946,-39.3108516,CityCenter,"CANINDÉ, CE, Brazil"
BRASILAPI 96065340,,,BrasilAPI,"Pelotas,RS"
BRASILAPI 89280490,,,BrasilAPI,"São Bento do Sul,SC"
CITY_CENTER SÃO BENTO DO SUL SC BRAZIL,-26.2483669,-49.3820672,CityCenter,"SÃO BENTO DO SUL, SC, Brazil"
BRASILAPI 60110535,,,BrasilAPI,"Fortaleza,CE"
BRASILAPI 32210120,,,BrasilAPI,"Contagem,MG"
BRASILAPI 60867580,,,BrasilAPI,"Fortaleza,CE"
BRASILAPI 88304401,,,BrasilAPI,"Itajaí,SC"
BRASILAPI 60115001,,,BrasilAPI,"Fortaleza,CE"
BRASILAPI 60420775,,,BrasilAPI,"Fortaleza,CE"
BRASILAPI 20251030,,,BrasilAPI,"Rio de Janeiro,RJ"
BRASILAPI 55153130,,,BrasilAPI,"Belo Jardim,PE"
CITY_CENTER BELO JARDIM PE BRAZIL,-8.3338293,-36.4176419,CityCenter,"BELO JARDIM, PE, Brazil"
CITY_CENTER AÇU RN BRAZIL,-5.5836157,-36.9139541,CityCenter,"AÇU, RN, Brazil"
BRASILAPI 81170220,,,BrasilAPI,"Curitiba,PR"
BRASILAPI 15350000,,,BrasilAPI,"Auriflama,SP"
CITY_CENTER AURIFLAMA SP BRAZIL,-20.6840418,-50.5554616,CityCenter,"AURIFLAMA, SP, Brazil"
BRASILAPI 55680000,,,BrasilAPI,"Bonito,PE"
CITY_CENTER BONITO PE BRAZIL,-8.4721161,-35.7314591,CityCenter,"BONITO, PE, Brazil"
BRASILAPI 44260000,,,BrasilAPI,"Santanópolis,BA"
CITY_CENTER SANTANÓPOLIS BA BRAZIL,-12.0243828,-38.8650365,CityCenter,"SANTANÓPOLIS, BA, Brazil"
BRASILAPI 13181713,,,BrasilAPI,"Sumaré,SP"
BRASILAPI 50950170,,,BrasilAPI,"Recife,PE"
BRASILAPI 58910000,,,BrasilAPI,"São João do Rio do Peixe,PB"
CITY_CENTER SÃO JOÃO DO RIO DO PEIXE PB BRAZIL,-6.7291053,-38.4478745,CityCenter,"SÃO JOÃO DO RIO DO PEIXE, PB, Brazil"
BRASILAPI 15420000,,,BrasilAPI,"Guaraci,SP"
CITY_CENTER GUARACI SP BRAZIL,-20.4976771,-48.9452074,CityCenter,"GUARACI, SP, Brazil"
BRASILAPI 88307324,,,BrasilAPI,"Itajaí,SC"
BRASILAPI 22430220,,,BrasilAPI,"Rio de Janeiro,RJ"
BRASILAPI 41301325,,,BrasilAPI,"Salvador,BA"
BRASILAPI 64260000,,,BrasilAPI,"Piripiri,PI"
CITY_CENTER PIRIPIRI PI BRAZIL,-4.2732339,-41.7785173,CityCenter,"PIRIPIRI, PI, Brazil"
BRASILAPI 30640000,,,BrasilAPI,"Belo Horizonte,MG"
BRASILAPI 41680100,,,BrasilAPI,"Salvador,BA"
BRASILAPI 57316025,,,BrasilAPI,"Arapiraca,AL"
BRASILAPI 18095410,,,BrasilAPI,"Sorocaba,SP"
BRASILAPI 95020260,,,BrasilAPI,"Caxias do Sul,RS"
CITY_CENTER CAXIAS DO SUL RS BRAZIL,-29.1685045,-51.1796385,CityCenter,"CAXIAS DO SUL, RS, Brazil"
BRASILAPI 40081400,,,BrasilAPI,"Salvador,BA"
BRASILAPI 59155435,,,BrasilAPI,"Parnamirim,RN"
BRASILAPI 92310300,,,BrasilAPI,"Canoas,RS"
CITY_CENTER CANOAS RS BRAZIL,-29.9216045,-51.1799525,CityCenter,"CANOAS, RS, Brazil"
CITY_CENTER JARAGUÁ DO SUL SC BRAZIL,-26.4897432,-49.0778063,CityCenter,"JARAGUÁ DO SUL, SC, Brazil"
BRASILAPI 60810670,,,BrasilAPI,"Fortaleza,CE"
BRASILAPI 31260490,,,BrasilAPI,"Belo Horizonte,MG"
BRASILAPI 18120000,,,BrasilAPI,"Mairinque,SP"
CITY_CENTER MAIRINQUE SP BRAZIL,-23.518426,-47.1984731,CityCenter,"MAIRINQUE, SP, Brazil"
BRASILAPI 58075006,,,BrasilAPI,"João Pessoa,PB"
BRASILAPI 57314175,,,BrasilAPI,"Arapiraca,AL"
CITY_CENTER SÃO FÉLIX BA BRAZIL,-12.6069891,-38.9695574,CityCenter,"SÃO FÉLIX, BA, Brazil"
BRASILAPI 79033281,,,BrasilAPI,"Campo Grande,MS"
BRASILAPI 30160012,,,BrasilAPI,"Belo Horizonte,MG"
BRASILAPI 51170410,,,BrasilAPI,"Recife,PE"
BRASILAPI 65020251,,,BrasilAPI,"São Luís,MA"
BRASILAPI 41940000,,,BrasilAPI,"Salvador,BA"
CITY_CENTER SENHOR DO BONFIM BA BRAZIL,-10.4602509,-40.189151,CityCenter,"SENHOR DO BONFIM, BA, Brazil"
BRASILAPI 57270000,,,BrasilAPI,"Junqueiro,AL"
CITY_CENTER JUNQUEIRO AL BRAZIL,-9.9201549,-36.474737,CityCenter,"JUNQUEIRO, AL, Brazil"
BRASILAPI 41720400,,,BrasilAPI,"Salvador,BA"
BRASILAPI 49680000,,,BrasilAPI,"Nossa Senhora da Glória,SE"
CITY_CENTER NOSSA SENHORA DA GLÓRIA SE BRAZIL,-10.2188811,-37.4199759,CityCenter,"NOSSA SENHORA DA GLÓRIA, SE, Brazil"
BRASILAPI 40231000,,,BrasilAPI,"Salvador,BA"
CITY_CENTER PARACAMBI RJ BRAZIL,-22.6109158,-43.7096912,CityCenter,"PARACAMBI, RJ, Brazil"
BRASILAPI 63430000,,,BrasilAPI,"Icó,CE"
CITY_CENTER ICÓ CE BRAZIL,-6.4003992,-38.8575946,CityCenter,"ICÓ, CE, Brazil"
CITY_CENTER GUARATUBA PR BRAZIL,-25.8806192,-48.5750905,CityCenter,"GUARATUBA, PR, Brazil"
BRASILAPI 66825070,,,BrasilAPI,"Belém,PA"
BRASILAPI 13075250,,,BrasilAPI,"Campinas,SP"
BRASILAPI 55602150,,,BrasilAPI,"Vitória de Santo Antão,PE"
BRASILAPI 28145000,,,BrasilAPI,"Campos dos Goytacazes,RJ"
BRASILAPI 84261380,,,BrasilAPI,"Telêmaco Borba,PR"
CITY_CENTER SUZANO SP BRAZIL,-23.5427842,-46.3108391,CityCenter,"SUZANO, SP, Brazil"
BRASILAPI 58070160,,,BrasilAPI,"João Pessoa,PB"
BRASILAPI 32657375,,,BrasilAPI,"Betim,MG"
BRASILAPI 62760000,,,BrasilAPI,"Baturité,CE"
CITY_CENTER BATURITÉ CE BRAZIL,-4.3290203,-38.8821055,CityCenter,"BATURITÉ, CE, Brazil"
BRASILAPI 32072170,,,BrasilAPI,"Contagem,MG"
BRASILAPI 32010120,,,BrasilAPI,"Contagem,MG"
BRASILAPI 65620000,,,BrasilAPI,"Coelho Neto,MA"
CITY_CENTER COELHO NETO MA BRAZIL,-4.2535154,-43.0149321,CityCenter,"COELHO NETO, MA, Brazil"
BRASILAPI 65065390,,,BrasilAPI,"São Luís,MA"
BRASILAPI 68555031,,,BrasilAPI,"Xinguara,PA"
CITY_CENTER XINGUARA PA BRAZIL,-7.0998514,-49.9416632,CityCenter,"XINGUARA, PA, Brazil"
BRASILAPI 30190120,,,BrasilAPI,"Belo Horizonte,MG"
BRASILAPI 87045020,,,BrasilAPI,"Maringá,PR"
CITY_CENTER MARINGÁ PR BRAZIL,-23.425269,-51.9382078,CityCenter,"MARINGÁ, PR, Brazil"
BRASILAPI 57300500,,,BrasilAPI,"Arapiraca,AL"
BRASILAPI 17209656,,,BrasilAPI,"Jaú,SP"
CITY_CENTER JAÚ SP BRAZIL,-22.293585,-48.559193,CityCenter,"JAÚ, SP, Brazil"
BRASILAPI 13105500,,,BrasilAPI,"Campinas,SP"
BRASILAPI 14400410,,,BrasilAPI,"Franca,SP"
CITY_CENTER FRANCA SP BRAZIL,-20.5381768,-47.4009795,CityCenter,"FRANCA, SP, Brazil"
BRASILAPI 88034600,,,BrasilAPI,"Florianópolis,SC"
BRASILAPI 13024100,,,BrasilAPI,"Campinas,SP"
BRASILAPI 57120000,,,BrasilAPI,"Satuba,AL"
CITY_CENTER SATUBA AL BRAZIL,-9.569113,-35.822697,CityCenter,"SATUBA, AL, Brazil"
CITY_CENTER SOBRAL CE BRAZIL,-3.6879135,-40.3456372,CityCenter,"SOBRAL, CE, Brazil"
BRASILAPI 81720290,,,BrasilAPI,"Curitiba,PR"
BRASILAPI 52050310,,,BrasilAPI,"Recife,PE"
BRASILAPI 13473660,,,BrasilAPI,"Americana,SP"
BRASILAPI 41810340,,,BrasilAPI,"Salvador,BA"
CITY_CENTER INDIARA GO BRAZIL,-17.1387389,-49.9861621,CityCenter,"INDIARA, GO, Brazil"
BRASILAPI 58064250,,,BrasilAPI,"João Pessoa,PB"
BRASILAPI 18048140,,,BrasilAPI,"Sorocaba,SP"
BRASILAPI 53610835,,,BrasilAPI,"Igarassu,PE"
CITY_CENTER IGARASSU PE BRAZIL,-7.8354423,-34.9061125,CityCenter,"IGARASSU, PE, Brazil"
BRASILAPI 32371610,,,BrasilAPI,"Contagem,MG"
BRASILAPI 49085410,,,BrasilAPI,"Aracaju,SE"
BRASILAPI 58400020,,,BrasilAPI,"Campina Grande,PB"
BRASILAPI 13310420,,,BrasilAPI,"Itu,SP"
CITY_CENTER ITU SP BRAZIL,-23.2637798,-47.2998462,CityCenter,"ITU, SP, Brazil"
BRASILAPI 18130200,,,BrasilAPI,"São Roque,SP"
BRASILAPI 75143085,,,BrasilAPI,"Anápolis,GO"
BRASILAPI 65901360,,,BrasilAPI,"Imperatriz,MA"
BRASILAPI 38190000,,,BrasilAPI,"Sacramento,MG"
CITY_CENTER SACRAMENTO MG BRAZIL,-19.8652854,-47.4402746,CityCenter,"SACRAMENTO, MG, Brazil"
BRASILAPI 59610140,,,BrasilAPI,"Mossoró,RN"
CITY_CENTER NAVEGANTES SC BRAZIL,-26.8898813,-48.6495828,CityCenter,"NAVEGANTES, SC, Brazil"
CITY_CENTER TORITAMA PE BRAZIL,-8.0083743,-36.058776,CityCenter,"TORITAMA, PE, Brazil"
BRASILAPI 38603338,,,BrasilAPI,"Paracatu,MG"
CITY_CENTER PARACATU MG BRAZIL,-17.2174056,-46.8707514,CityCenter,"PARACATU, MG, Brazil"
BRASILAPI 58410340,,,BrasilAPI,"Campina Grande,PB"
BRASILAPI 79017043,,,BrasilAPI,"Campo Grande,MS"
BRASILAPI 82305100,,,BrasilAPI,"Curitiba,PR"
BRASILAPI 72405290,,,BrasilAPI,"Brasília,DF"
BRASILAPI 70354000,,,BrasilAPI,"Brasília,DF"
BRASILAPI 73050140,,,BrasilAPI,"Brasília,DF"
BRASILAPI 40296340,,,BrasilAPI,"Salvador,BA"
CITY_CENTER BRAGANÇA PA BRAZIL,-1.0574255,-46.7635232,CityCenter,"BRAGANÇA, PA, Brazil"
BRASILAPI 49075060,,,BrasilAPI,"Aracaju,SE"
BRASILAPI 68040565,,,BrasilAPI,"Santarém,PA"
CITY_CENTER SANTARÉM PA BRAZIL,-2.438489,-54.699611,CityCenter,"SANTARÉM, PA, Brazil"
BRASILAPI 66095346,,,BrasilAPI,"Belém,PA"
BRASILAPI 71926000,,,BrasilAPI,"Brasília,DF"
BRASILAPI 60731390,,,BrasilAPI,"Fortaleza,CE"
BRASILAPI 43721465,,,BrasilAPI,"Simões Filho,BA"
